song_id,title,artist,year,song_file,genre
1001,justdance,ladygaga,2009,data/2009/pop/Just_Dance---lady_gaga_.txt,pop
1002,mylifewouldsuckwithoutyou,kellyclarkson,2009,data/2009/pop/My_Life_Would_Suck_Without_You---kelly_clarkson.txt,pop
1003,idonothookup,kellyclarkson,2009,data/2009/pop/I_Do_Not_Hook_Up---kelly_clarkson.txt,pop
1004,paparazzi,ladygaga,2009,data/2009/pop/Paparazzi---lady_gaga.txt,pop
1005,wakingupinvegas,katyperry,2009,data/2009/pop/Waking_Up_In_Vegas---katy_perry.txt,pop
1006,hotncold,katyperry,2009,data/2009/pop/Hot_N_Cold---katy_perry.txt,pop
1007,circus,britneyspears,2009,data/2009/pop/Circus---britney_spears.txt,pop
1008,battlefield,jordinsparks,2009,data/2009/pop/Battlefield---jordin_sparks.txt,pop
1009,imyours,jasonmraz,2009,data/2009/pop/Im_Yours---jason_mraz.txt,pop
1010,alreadygone,kellyclarkson,2009,data/2009/pop/Already_Gone---kelly_clarkson.txt,pop
1011,fireflies,owlcity,2009,data/2009/pop/Fireflies---owl_city.txt,pop
1012,lovegame,ladygaga,2009,data/2009/pop/LoveGame---lady_gaga.txt,pop
1013,pokerface,ladygaga,2009,data/2009/pop/Poker_Face---lady_gaga.txt,pop
1014,ifuseekamy,britneyspears,2009,data/2009/pop/If_U_Seek_Amy---britney_spears.txt,pop
1015,untouched,theveronicas,2009,data/2009/pop/Untouched---the_veronicas.txt,pop
1016,fallinforyou,colbiecaillat,2009,data/2009/pop/Fallin_For_You---colbie_caillat.txt,pop
1017,ihatethispart,thepussycatdolls,2009,data/2009/pop/I_Hate_This_Part---the_pussycat_dolls.txt,pop
1018,pleasedontleaveme,p!nk,2009,data/2009/pop/Please_Dont_Leave_Me---p!nk.txt,pop
1019,3,britneyspears,2009,data/2009/pop/3---britney_spears.txt,pop
1020,sowhat,p!nk,2009,data/2009/pop/So_What---p!nk.txt,pop
1021,sober,p!nk,2009,data/2009/pop/Sober---p!nk.txt,pop
1022,onetime,justinbieber,2009,data/2009/pop/One_Time---justin_bieber.txt,pop
1023,womanizer,britneyspears,2009,data/2009/pop/Womanizer---britney_spears.txt,pop
1077,teenagedream,katyperry,2010,data/2010/pop/Teenage_Dream---katy_perry.txt,pop
1078,californiagurls,katyperry,2010,data/2010/pop/California_Gurls---katy_perry_.txt,pop
1079,blahblahblah,ke$ha,2010,data/2010/pop/Blah_Blah_Blah---ke$ha_.txt,pop
1080,alejandro,ladygaga,2010,data/2010/pop/Alejandro---lady_gaga.txt,pop
1081,secrets,onerepublic,2010,data/2010/pop/Secrets---onerepublic.txt,pop
1082,dynamite,taiocruz,2010,data/2010/pop/Dynamite---taio_cruz.txt,pop
1083,alltherightmoves,onerepublic,2010,data/2010/pop/All_The_Right_Moves---onerepublic.txt,pop
1084,sexychick,davidguetta,2010,data/2010/pop/Sexy_Chick---david_guetta_.txt,pop
1085,misery,maroon5,2010,data/2010/pop/Misery---maroon_5.txt,pop
1086,tiktok,kesha,2010,data/2010/pop/TiK_ToK---kesha.txt,pop
1087,yourloveismydrug,kesha,2010,data/2010/pop/Your_Love_Is_My_Drug---kesha.txt,pop
1088,airplanes,b.o.b,2010,data/2010/pop/Airplanes---b.o.b_.txt,pop
1089,nothinonyou,b.o.b,2010,data/2010/pop/Nothin_On_You---b.o.b_.txt,pop
1090,takeitoff,kesha,2010,data/2010/pop/Take_It_Off---kesha.txt,pop
1091,telephone,ladygaga,2010,data/2010/pop/Telephone---lady_gaga_.txt,pop
1092,magic,b.o.b,2010,data/2010/pop/Magic---b.o.b_.txt,pop
1093,naturally,selenagomez,2010,data/2010/pop/Naturally---selena_gomez_.txt,pop
1094,coolerthanme,mikeposner,2010,data/2010/pop/Cooler_Than_Me---mike_posner.txt,pop
1095,badromance,ladygaga,2010,data/2010/pop/Bad_Romance---lady_gaga.txt,pop
1096,kingofanything,sarabareilles,2010,data/2010/pop/King_Of_Anything---sara_bareilles.txt,pop
1097,breakyourheart,taiocruz,2010,data/2010/pop/Break_Your_Heart---taio_cruz_.txt,pop
1098,whatayawantfromme,adamlambert,2010,data/2010/pop/Whataya_Want_From_Me---adam_lambert.txt,pop
1099,baby,justinbieber,2010,data/2010/pop/Baby---justin_bieber_.txt,pop
1145,goodlife,onerepublic,2011,data/2011/pop/Good_Life---onerepublic.txt,pop
1146,holditagainstme,britneyspears,2011,data/2011/pop/Hold_It_Against_Me---britney_spears.txt,pop
1147,pleasedontgo,mikeposner,2011,data/2011/pop/Please_Dont_Go---mike_posner.txt,pop
1148,wherethemgirlsat,davidguetta,2011,data/2011/pop/Where_Them_Girls_At---david_guetta_.txt,pop
1149,moveslikejagger,maroon5,2011,data/2011/pop/Moves_Like_Jagger---maroon_5_.txt,pop
1150,firework,katyperry,2011,data/2011/pop/Firework---katy_perry.txt,pop
1151,lastfridaynight(t.g.i.f.),katyperry,2011,data/2011/pop/Last_Friday_Night_(T.G.I.F.)---katy_perry.txt,pop
1152,bornthisway,ladygaga,2011,data/2011/pop/Born_This_Way---lady_gaga.txt,pop
1153,iwannago,britneyspears,2011,data/2011/pop/I_Wanna_Go---britney_spears.txt,pop
1154,e.t.,katyperry,2011,data/2011/pop/E.T.---katy_perry_.txt,pop
1155,werwhower,kesha,2011,data/2011/pop/We_R_Who_We_R---kesha.txt,pop
1156,rollinginthedeep,adele,2011,data/2011/pop/Rolling_In_The_Deep---adele.txt,pop
1157,raiseyourglass,p!nk,2011,data/2011/pop/Raise_Your_Glass---p!nk.txt,pop
1158,whatthehell,avrillavigne,2011,data/2011/pop/What_The_Hell---avril_lavigne.txt,pop
1159,whosays,selenagomez,2011,data/2011/pop/Who_Says---selena_gomez_.txt,pop
1160,someonelikeyou,adele,2011,data/2011/pop/Someone_Like_You---adele.txt,pop
1161,tilltheworldends,britneyspears,2011,data/2011/pop/Till_The_World_Ends---britney_spears.txt,pop
1162,pricetag,jessiej,2011,data/2011/pop/Price_Tag---jessie_j_.txt,pop
1163,theedgeofglory,ladygaga,2011,data/2011/pop/The_Edge_Of_Glory---lady_gaga.txt,pop
1164,jarofhearts,christinaperri,2011,data/2011/pop/Jar_Of_Hearts---christina_perri_.txt,pop
1165,withoutyou,davidguetta,2011,data/2011/pop/Without_You---david_guetta_.txt,pop
1166,pumpedupkicks,fosterthepeople,2011,data/2011/pop/Pumped_Up_Kicks---foster_the_people.txt,pop
1167,fuckinperfect,p!nk,2011,data/2011/pop/Fuckin_Perfect---p!nk.txt,pop
1168,blow,kesha,2011,data/2011/pop/Blow---kesha.txt,pop
1169,youandi,ladygaga,2011,data/2011/pop/You_And_I---lady_gaga.txt,pop
1221,brokenhearted,karmin,2012,data/2012/pop/Brokenhearted---karmin.txt,pop
1222,goodtime,owlcity,2012,data/2012/pop/Good_Time---owl_city_.txt,pop
1223,turnmeon,davidguetta,2012,data/2012/pop/Turn_Me_On---david_guetta_.txt,pop
1224,somenights,fun.,2012,data/2012/pop/Some_Nights---fun..txt,pop
1225,dieyoung,ke$ha,2012,data/2012/pop/Die_Young---ke$ha.txt,pop
1226,lights,elliegoulding,2012,data/2012/pop/Lights---ellie_goulding.txt,pop
1227,partofme,katyperry,2012,data/2012/pop/Part_Of_Me---katy_perry.txt,pop
1228,blowme(onelastkiss),p!nk,2012,data/2012/pop/Blow_Me_(One_Last_Kiss)---p!nk.txt,pop
1229,callmemaybe,carlyraejepsen,2012,data/2012/pop/Call_Me_Maybe---carly_rae_jepsen.txt,pop
1230,whatmakesyoubeautiful,onedirection,2012,data/2012/pop/What_Makes_You_Beautiful---one_direction.txt,pop
1231,domino,jessiej,2012,data/2012/pop/Domino---jessie_j.txt,pop
1232,setfiretotherain,adele,2012,data/2012/pop/Set_Fire_To_The_Rain---adele.txt,pop
1233,titanium,davidguetta,2012,data/2012/pop/Titanium---david_guetta_.txt,pop
1234,weareyoung,fun.,2012,data/2012/pop/We_Are_Young---fun._.txt,pop
1235,itstime,imaginedragons,2012,data/2012/pop/Its_Time---imagine_dragons.txt,pop
1236,boyfriend,justinbieber,2012,data/2012/pop/Boyfriend---justin_bieber.txt,pop
1237,iwontgiveup,jasonmraz,2012,data/2012/pop/I_Wont_Give_Up---jason_mraz.txt,pop
1238,stronger(whatdoesntkillyou),kellyclarkson,2012,data/2012/pop/Stronger_(What_Doesnt_Kill_You)---kelly_clarkson.txt,pop
1239,loveyoulikealovesong,selenagomez,2012,data/2012/pop/Love_You_Like_A_Love_Song---selena_gomez_.txt,pop
1240,aslongasyouloveme,justinbieber,2012,data/2012/pop/As_Long_As_You_Love_Me---justin_bieber_.txt,pop
1241,onemorenight,maroon5,2012,data/2012/pop/One_More_Night---maroon_5.txt,pop
1242,theonethatgotaway,katyperry,2012,data/2012/pop/The_One_That_Got_Away---katy_perry.txt,pop
1243,athousandyears,christinaperri,2012,data/2012/pop/A_Thousand_Years---christina_perri.txt,pop
1244,sogood,b.o.b,2012,data/2012/pop/So_Good---b.o.b.txt,pop
1245,wideawake,katyperry,2012,data/2012/pop/Wide_Awake---katy_perry.txt,pop
1246,rumourhasit,adele,2012,data/2012/pop/Rumour_Has_It---adele.txt,pop
1247,payphone,maroon5,2012,data/2012/pop/Payphone---maroon_5_.txt,pop
1299,brave,sarabareilles,2013,data/2013/pop/Brave---sara_bareilles.txt,pop
1300,demons,imaginedragons,2013,data/2013/pop/Demons---imagine_dragons.txt,pop
1301,radioactive,imaginedragons,2013,data/2013/pop/Radioactive---imagine_dragons.txt,pop
1302,countingstars,onerepublic,2013,data/2013/pop/Counting_Stars---onerepublic.txt,pop
1303,theateam,edsheeran,2013,data/2013/pop/The_A_Team---ed_sheeran.txt,pop
1304,suit&tie,justintimberlake,2013,data/2013/pop/Suit_&_Tie---justin_timberlake_.txt,pop
1305,carryon,fun.,2013,data/2013/pop/Carry_On---fun..txt,pop
1306,catchmybreath,kellyclarkson,2013,data/2013/pop/Catch_My_Breath---kelly_clarkson.txt,pop
1307,come&getit,selenagomez,2013,data/2013/pop/Come_&_Get_It---selena_gomez.txt,pop
1308,justgivemeareason,p!nk,2013,data/2013/pop/Just_Give_Me_A_Reason---p!nk_.txt,pop
1309,roar,katyperry,2013,data/2013/pop/Roar---katy_perry.txt,pop
1310,safeandsound,capitalcities,2013,data/2013/pop/Safe_And_Sound---capital_cities.txt,pop
1311,dieyoung,kesha,2013,data/2013/pop/Die_Young---kesha.txt,pop
1312,royals,lorde,2013,data/2013/pop/Royals---lorde.txt,pop
1313,try,p!nk,2013,data/2013/pop/Try---p!nk.txt,pop
1314,bestsongever,onedirection,2013,data/2013/pop/Best_Song_Ever---one_direction.txt,pop
1315,mirrors,justintimberlake,2013,data/2013/pop/Mirrors---justin_timberlake.txt,pop
1316,lovesomebody,maroon5,2013,data/2013/pop/Love_Somebody---maroon_5.txt,pop
1317,applause,ladygaga,2013,data/2013/pop/Applause---lady_gaga.txt,pop
1318,theway,arianagrande,2013,data/2013/pop/The_Way---ariana_grande_.txt,pop
1319,daylight,maroon5,2013,data/2013/pop/Daylight---maroon_5.txt,pop
1320,beautyandabeat,justinbieber,2013,data/2013/pop/Beauty_And_A_Beat---justin_bieber_.txt,pop
1369,darkhorse,katyperry,2014,data/2014/pop/Dark_Horse---katy_perry_.txt,pop
1370,team,lorde,2014,data/2014/pop/Team---lorde.txt,pop
1371,sing,edsheeran,2014,data/2014/pop/Sing---ed_sheeran.txt,pop
1372,boomclap,charli,2014,data/2014/pop/Boom_Clap---charli_.txt,pop
1373,habits(stayhigh),tovelo,2014,data/2014/pop/Habits_(Stay_High)---tove_lo.txt,pop
1374,storyofmylife,onedirection,2014,data/2014/pop/Story_Of_My_Life---one_direction.txt,pop
1375,burn,elliegoulding,2014,data/2014/pop/Burn---ellie_goulding.txt,pop
1376,birthday,katyperry,2014,data/2014/pop/Birthday---katy_perry.txt,pop
1377,maps,maroon5,2014,data/2014/pop/Maps---maroon_5.txt,pop
1378,chandelier,sia,2014,data/2014/pop/Chandelier---sia.txt,pop
1379,notabadthing,justintimberlake,2014,data/2014/pop/Not_A_Bad_Thing---justin_timberlake.txt,pop
1380,problem,arianagrande,2014,data/2014/pop/Problem---ariana_grande_.txt,pop
1381,classic,mkto,2014,data/2014/pop/Classic---mkto.txt,pop
1382,dont,edsheeran,2014,data/2014/pop/Dont---ed_sheeran.txt,pop
1383,animals,maroon5,2014,data/2014/pop/Animals---maroon_5.txt,pop
1384,amnesia,5secondsofsummer,2014,data/2014/pop/Amnesia---5_seconds_of_summer.txt,pop
1385,wakemeup!,avicii,2014,data/2014/pop/Wake_Me_Up!---avicii.txt,pop
1386,breakfree,arianagrande,2014,data/2014/pop/Break_Free---ariana_grande_.txt,pop
1387,amiwrong,nico,2014,data/2014/pop/Am_I_Wrong---nico_.txt,pop
1388,dowhatuwant,ladygaga,2014,data/2014/pop/Do_What_U_Want---lady_gaga_.txt,pop
1389,heybrother,avicii,2014,data/2014/pop/Hey_Brother---avicii.txt,pop
1390,shelookssoperfect,5secondsofsummer,2014,data/2014/pop/She_Looks_So_Perfect---5_seconds_of_summer.txt,pop
1391,loverunsout,onerepublic,2014,data/2014/pop/Love_Runs_Out---onerepublic.txt,pop
1392,staywithme,samsmith,2014,data/2014/pop/Stay_With_Me---sam_smith.txt,pop
1434,heymama,davidguetta,2015,data/2015/pop/Hey_Mama---david_guetta_.txt,pop
1435,sugar,maroon5,2015,data/2015/pop/Sugar---maroon_5.txt,pop
1436,elasticheart,sia,2015,data/2015/pop/Elastic_Heart---sia.txt,pop
1437,hello,adele,2015,data/2015/pop/Hello---adele.txt,pop
1438,jealous,nickjonas,2015,data/2015/pop/Jealous---nick_jonas.txt,pop
1439,stitches,shawnmendes,2015,data/2015/pop/Stitches---shawn_mendes.txt,pop
1440,chains,nickjonas,2015,data/2015/pop/Chains---nick_jonas.txt,pop
1441,photograph,edsheeran,2015,data/2015/pop/Photograph---ed_sheeran.txt,pop
1442,whatdoyoumean?,justinbieber,2015,data/2015/pop/What_Do_You_Mean?---justin_bieber.txt,pop
1443,lovemelikeyoudo,elliegoulding,2015,data/2015/pop/Love_Me_Like_You_Do---ellie_goulding.txt,pop
1444,talkingbody,tovelo,2015,data/2015/pop/Talking_Body---tove_lo.txt,pop
1445,thinkingoutloud,edsheeran,2015,data/2015/pop/Thinking_Out_Loud---ed_sheeran.txt,pop
1446,lovemeharder,arianagrande,2015,data/2015/pop/Love_Me_Harder---ariana_grande_.txt,pop
1447,theheartwantswhatitwants,selenagomez,2015,data/2015/pop/The_Heart_Wants_What_It_Wants---selena_gomez.txt,pop
1448,onelasttime,arianagrande,2015,data/2015/pop/One_Last_Time---ariana_grande.txt,pop
1449,shutupanddance,walkthemoon,2015,data/2015/pop/Shut_Up_And_Dance---walk_the_moon.txt,pop
1450,dragmedown,onedirection,2015,data/2015/pop/Drag_Me_Down---one_direction_.txt,pop
1451,imnottheonlyone,samsmith,2015,data/2015/pop/Im_Not_The_Only_One---sam_smith.txt,pop
1452,fightsong,rachelplatten,2015,data/2015/pop/Fight_Song---rachel_platten.txt,pop
1453,marvingaye,charlieputh,2015,data/2015/pop/Marvin_Gaye---charlie_puth_.txt,pop
1454,nightchanges,onedirection,2015,data/2015/pop/Night_Changes---one_direction.txt,pop
1455,laymedown,samsmith,2015,data/2015/pop/Lay_Me_Down---sam_smith.txt,pop
1456,heartbeatsong,kellyclarkson,2015,data/2015/pop/Heartbeat_Song---kelly_clarkson.txt,pop
1457,here,alessiacara,2015,data/2015/pop/Here---alessia_cara.txt,pop
1458,goodforyou,selenagomez,2015,data/2015/pop/Good_For_You---selena_gomez_.txt,pop
1459,honeyimgood.,andygrammer,2015,"data/2015/pop/Honey,_Im_Good.---andy_grammer.txt",pop
1509,gold,kiiara,2016,data/2016/pop/Gold---kiiara.txt,pop
1510,loveyourself,justinbieber,2016,data/2016/pop/Love_Yourself---justin_bieber.txt,pop
1511,treatyoubetter,shawnmendes,2016,data/2016/pop/Treat_You_Better---shawn_mendes.txt,pop
1512,dangerouswoman,arianagrande,2016,data/2016/pop/Dangerous_Woman---ariana_grande.txt,pop
1513,roses,thechainsmokers,2016,data/2016/pop/Roses---the_chainsmokers_.txt,pop
1514,perfect,onedirection,2016,data/2016/pop/Perfect---one_direction.txt,pop
1515,wedonttalkanymore,charlieputh,2016,data/2016/pop/We_Dont_Talk_Anymore---charlie_puth_.txt,pop
1516,ride,twentyonepilots,2016,data/2016/pop/Ride---twenty_one_pilots.txt,pop
1517,heathens,twentyonepilots,2016,data/2016/pop/Heathens---twenty_one_pilots.txt,pop
1518,cheapthrills,sia,2016,data/2016/pop/Cheap_Thrills---sia_.txt,pop
1519,hideaway,daya,2016,data/2016/pop/Hide_Away---daya.txt,pop
1520,onecallaway,charlieputh,2016,data/2016/pop/One_Call_Away---charlie_puth.txt,pop
1521,pillowtalk,zayn,2016,data/2016/pop/Pillowtalk---zayn.txt,pop
1522,letitgo,jamesbay,2016,data/2016/pop/Let_It_Go---james_bay.txt,pop
1523,cantstopthefeeling!,justintimberlake,2016,data/2016/pop/Cant_Stop_The_Feeling!---justin_timberlake.txt,pop
1524,whenwewereyoung,adele,2016,data/2016/pop/When_We_Were_Young---adele.txt,pop
1525,stressedout,twentyonepilots,2016,data/2016/pop/Stressed_Out---twenty_one_pilots.txt,pop
1526,closer,thechainsmokers,2016,data/2016/pop/Closer---the_chainsmokers_.txt,pop
1527,sitstilllookpretty,daya,2016,data/2016/pop/Sit_Still_Look_Pretty---daya.txt,pop
1528,itookapillinibiza,mikeposner,2016,data/2016/pop/I_Took_A_Pill_In_Ibiza---mike_posner.txt,pop
1529,dontletmedown,thechainsmokers,2016,data/2016/pop/Dont_Let_Me_Down---the_chainsmokers_.txt,pop
1530,close,nickjonas,2016,data/2016/pop/Close---nick_jonas_.txt,pop
1531,sameoldlove,selenagomez,2016,data/2016/pop/Same_Old_Love---selena_gomez.txt,pop
1532,onmymind,elliegoulding,2016,data/2016/pop/On_My_Mind---ellie_goulding.txt,pop
1533,iknowwhatyoudidlastsummer,shawnmendes,2016,data/2016/pop/I_Know_What_You_Did_Last_Summer---shawn_mendes_.txt,pop
1534,sendmylove(toyournewlover),adele,2016,data/2016/pop/Send_My_Love_(To_Your_New_Lover)---adele.txt,pop
1535,handstomyself,selenagomez,2016,data/2016/pop/Hands_To_Myself---selena_gomez.txt,pop
1536,justlikefire,p!nk,2016,data/2016/pop/Just_Like_Fire---p!nk.txt,pop
1537,7years,lukasgraham,2016,data/2016/pop/7_Years---lukas_graham.txt,pop
1538,intoyou,arianagrande,2016,data/2016/pop/Into_You---ariana_grande.txt,pop
1539,sidetoside,arianagrande,2016,data/2016/pop/Side_To_Side---ariana_grande_.txt,pop
1577,castleonthehill,edsheeran,2017,data/2017/pop/Castle_On_The_Hill---ed_sheeran.txt,pop
1578,paris,thechainsmokers,2017,data/2017/pop/Paris---the_chainsmokers.txt,pop
1579,whataboutus,p!nk,2017,data/2017/pop/What_About_Us---p!nk.txt,pop
1580,toogoodatgoodbyes,samsmith,2017,data/2017/pop/Too_Good_At_Goodbyes---sam_smith.txt,pop
1581,chainedtotherhythm,katyperry,2017,data/2017/pop/Chained_To_The_Rhythm---katy_perry_.txt,pop
1582,believer,imaginedragons,2017,data/2017/pop/Believer---imagine_dragons.txt,pop
1583,attention,charlieputh,2017,data/2017/pop/Attention---charlie_puth.txt,pop
1584,issues,juliamichaels,2017,data/2017/pop/Issues---julia_michaels.txt,pop
1585,cantstopthefeeling,justintimberlake,2017,data/2017/pop/Cant_Stop_The_Feeling_---justin_timberlake.txt,pop
1586,mercy,shawnmendes,2017,data/2017/pop/Mercy---shawn_mendes.txt,pop
1587,whatloversdo,maroon5,2017,data/2017/pop/What_Lovers_Do---maroon_5_.txt,pop
1588,scarstoyourbeautiful,alessiacara,2017,data/2017/pop/Scars_To_Your_Beautiful---alessia_cara.txt,pop
1589,thunder,imaginedragons,2017,data/2017/pop/Thunder---imagine_dragons.txt,pop
1590,theresnothingholdinmeback,shawnmendes,2017,data/2017/pop/Theres_Nothing_Holdin_Me_Back---shawn_mendes.txt,pop
1591,shapeofyou,edsheeran,2017,data/2017/pop/Shape_Of_You---ed_sheeran.txt,pop
1592,praying,kesha,2017,data/2017/pop/Praying---kesha.txt,pop
1593,sayyouwontletgo,jamesarthur,2017,data/2017/pop/Say_You_Wont_Let_Go---james_arthur.txt,pop
1594,somethingjustlikethis,thechainsmokers,2017,data/2017/pop/Something_Just_Like_This---the_chainsmokers_.txt,pop
1595,cold,maroon5,2017,data/2017/pop/Cold---maroon_5_.txt,pop
1596,signofthetimes,harrystyles,2017,data/2017/pop/Sign_Of_The_Times---harry_styles.txt,pop
1597,nowornever,halsey,2017,data/2017/pop/Now_Or_Never---halsey.txt,pop
1598,slowhands,niallhoran,2017,data/2017/pop/Slow_Hands---niall_horan.txt,pop
1599,waterunderthebridge,adele,2017,data/2017/pop/Water_Under_The_Bridge---adele.txt,pop
1600,dontwannaknow,maroon5,2017,data/2017/pop/Dont_Wanna_Know---maroon_5_.txt,pop
1658,inmyblood,shawnmendes,2018,data/2018/pop/In_My_Blood---shawn_mendes.txt,pop
1659,youngblood,5secondsofsummer,2018,data/2018/pop/Youngblood---5_seconds_of_summer.txt,pop
1660,natural,imaginedragons,2018,data/2018/pop/Natural---imagine_dragons.txt,pop
1661,godisawoman,arianagrande,2018,data/2018/pop/God_Is_A_Woman---ariana_grande.txt,pop
1662,backtoyou,selenagomez,2018,data/2018/pop/Back_To_You---selena_gomez.txt,pop
1663,idgaf,dualipa,2018,data/2018/pop/IDGAF---dua_lipa.txt,pop
1664,whateverittakes,imaginedragons,2018,data/2018/pop/Whatever_It_Takes---imagine_dragons.txt,pop
1665,notearslefttocry,arianagrande,2018,data/2018/pop/No_Tears_Left_To_Cry---ariana_grande.txt,pop
1666,saysomething,justintimberlake,2018,data/2018/pop/Say_Something---justin_timberlake_.txt,pop
1667,howlong,charlieputh,2018,data/2018/pop/How_Long---charlie_puth.txt,pop
1668,girlslikeyou,maroon5,2018,data/2018/pop/Girls_Like_You---maroon_5_.txt,pop
1669,ilikemebetter,lauv,2018,data/2018/pop/I_Like_Me_Better---lauv.txt,pop
1670,newrules,dualipa,2018,data/2018/pop/New_Rules---dua_lipa.txt,pop
1671,wait,maroon5,2018,data/2018/pop/Wait---maroon_5.txt,pop
1672,wolves,selenagomez,2018,data/2018/pop/Wolves---selena_gomez_.txt,pop
1673,perfect,edsheeran,2018,data/2018/pop/Perfect---ed_sheeran.txt,pop
1674,badatlove,halsey,2018,data/2018/pop/Bad_At_Love---halsey.txt,pop
1728,dancingwithastranger,samsmith,2019,data/2019/pop/Dancing_With_A_Stranger---sam_smith_.txt,pop
1729,howdoyousleep?,samsmith,2019,data/2019/pop/How_Do_You_Sleep?---sam_smith.txt,pop
1730,buryafriend,billieeilish,2019,data/2019/pop/Bury_A_Friend---billie_eilish.txt,pop
1731,heylookmaimadeit,panic!atthedisco,2019,"data/2019/pop/Hey_Look_Ma,_I_Made_It---panic!_at_the_disco.txt",pop
1732,trampoline,shaed,2019,data/2019/pop/Trampoline---shaed.txt,pop
1733,boyfriend,arianagrande,2019,data/2019/pop/Boyfriend---ariana_grande_.txt,pop
1734,7rings,arianagrande,2019,data/2019/pop/7_Rings---ariana_grande.txt,pop
1735,ificanthaveyou,shawnmendes,2019,data/2019/pop/If_I_Cant_Have_You---shawn_mendes.txt,pop
1736,walkmehome,p!nk,2019,data/2019/pop/Walk_Me_Home---p!nk.txt,pop
1737,onlyhuman,jonasbrothers,2019,data/2019/pop/Only_Human---jonas_brothers.txt,pop
1738,highhopes,panic!atthedisco,2019,data/2019/pop/High_Hopes---panic!_at_the_disco.txt,pop
1739,whenthepartysover,billieeilish,2019,data/2019/pop/When_The_Partys_Over---billie_eilish.txt,pop
1740,thankunext,arianagrande,2019,data/2019/pop/Thank_U_Next---ariana_grande.txt,pop
1741,breathin,arianagrande,2019,data/2019/pop/Breathin---_ariana_grande.txt,pop
1742,shallow,ladygaga,2019,data/2019/pop/Shallow---lady_gaga_.txt,pop
1743,badguy,billieeilish,2019,data/2019/pop/Bad_Guy---billie_eilish.txt,pop
1744,idontcare,edsheeran,2019,data/2019/pop/I_Dont_Care---ed_sheeran_.txt,pop
1745,bealright,deanlewis,2019,data/2019/pop/Be_Alright---dean_lewis.txt,pop
1746,senorita,shawnmendes,2019,data/2019/pop/Senorita---shawn_mendes_.txt,pop
1747,breakupwithyourgirlfriendimbored,arianagrande,2019,"data/2019/pop/Break_Up_With_Your_Girlfriend,_Im_Bored---ariana_grande.txt",pop
1748,beautifulpeople,edsheeran,2019,data/2019/pop/Beautiful_People---ed_sheeran_.txt,pop
1749,withoutme,halsey,2019,data/2019/pop/Without_Me---halsey.txt,pop
1750,sucker,jonasbrothers,2019,data/2019/pop/Sucker---jonas_brothers.txt,pop
1805,breakmyheart,dualipa,2020,data/2020/pop/Break_My_Heart---dua_lipa.txt,pop
1806,rainonme,ladygaga,2020,data/2020/pop/Rain_On_Me---lady_gaga_.txt,pop
1807,everythingiwanted,billieeilish,2020,data/2020/pop/Everything_I_Wanted---billie_eilish.txt,pop
1808,yummy,justinbieber,2020,data/2020/pop/Yummy---justin_bieber.txt,pop
1809,stuckwithu,arianagrande,2020,data/2020/pop/Stuck_With_U---ariana_grande_.txt,pop
1810,memories,maroon5,2020,data/2020/pop/Memories---maroon_5.txt,pop
1811,adoreyou,harrystyles,2020,data/2020/pop/Adore_You---harry_styles.txt,pop
1812,loseyoutoloveme,selenagomez,2020,data/2020/pop/Lose_You_To_Love_Me---selena_gomez.txt,pop
1813,watermelonsugar,harrystyles,2020,data/2020/pop/Watermelon_Sugar---harry_styles.txt,pop
1814,dontstartnow,dualipa,2020,data/2020/pop/Dont_Start_Now---dua_lipa.txt,pop
1815,intentions,justinbieber,2020,data/2020/pop/Intentions---justin_bieber_.txt,pop
1816,youshouldbesad,halsey,2020,data/2020/pop/You_Should_Be_Sad---halsey.txt,pop
1050,partyintheu.s.a.,mileycyrus,2009,data/2009/country/Party_In_The_U.S.A.---miley_cyrus.txt,country
1051,whitehorse,taylorswift,2009,data/2009/country/White_Horse---taylor_swift.txt,country
1052,theclimb,mileycyrus,2009,data/2009/country/The_Climb---miley_cyrus.txt,country
1053,whateveritis,zacbrownband,2009,data/2009/country/Whatever_It_Is---zac_brown_band.txt,country
1054,youbelongwithme,taylorswift,2009,data/2009/country/You_Belong_With_Me---taylor_swift.txt,country
1055,lovestory,taylorswift,2009,data/2009/country/Love_Story---taylor_swift.txt,country
1056,biggreentractor,jasonaldean,2009,data/2009/country/Big_Green_Tractor---jason_aldean.txt,country
1057,then,bradpaisley,2009,data/2009/country/Then---brad_paisley.txt,country
1058,peoplearecrazy,billycurrington,2009,data/2009/country/People_Are_Crazy---billy_currington.txt,country
1059,chickenfried,zacbrownband,2009,data/2009/country/Chicken_Fried---zac_brown_band.txt,country
1060,iruntoyou,ladyantebellum,2009,data/2009/country/I_Run_To_You---lady_antebellum.txt,country
1122,stucklikeglue,sugarland,2010,data/2010/country/Stuck_Like_Glue---sugarland.txt,country
1123,thehousethatbuiltme,mirandalambert,2010,data/2010/country/The_House_That_Built_Me---miranda_lambert.txt,country
1124,loverlover,jerrodniemann,2010,"data/2010/country/Lover,_Lover---jerrod_niemann.txt",country
1125,smile,unclekracker,2010,data/2010/country/Smile---uncle_kracker.txt,country
1126,todaywasafairytale,taylorswift,2010,data/2010/country/Today_Was_A_Fairytale---taylor_swift.txt,country
1127,americanhoney,ladyantebellum,2010,data/2010/country/American_Honey---lady_antebellum.txt,country
1128,ifidieyoung,thebandperry,2010,data/2010/country/If_I_Die_Young---the_band_perry.txt,country
1129,undoit,carrieunderwood,2010,data/2010/country/Undo_It---carrie_underwood.txt,country
1130,needyounow,ladyantebellum,2010,data/2010/country/Need_You_Now---lady_antebellum.txt,country
1131,mine,taylorswift,2010,data/2010/country/Mine---taylor_swift.txt,country
1190,dirtroadanthem,jasonaldean,2011,data/2011/country/Dirt_Road_Anthem---jason_aldean.txt,country
1191,justakiss,ladyantebellum,2011,data/2011/country/Just_A_Kiss---lady_antebellum.txt,country
1192,dontyouwannastay,jasonaldean,2011,data/2011/country/Dont_You_Wanna_Stay---jason_aldean_.txt,country
1193,areyougonnakissmeornot,thompsonsquare,2011,data/2011/country/Are_You_Gonna_Kiss_Me_Or_Not---thompson_square.txt,country
1194,godgavemeyou,blakeshelton,2011,data/2011/country/God_Gave_Me_You---blake_shelton.txt,country
1195,colderweather,zacbrownband,2011,data/2011/country/Colder_Weather---zac_brown_band.txt,country
1196,barefootbluejeannight,jakeowen,2011,data/2011/country/Barefoot_Blue_Jean_Night---jake_owen.txt,country
1197,takeabackroad,rodneyatkins,2011,data/2011/country/Take_A_Back_Road---rodney_atkins.txt,country
1198,honeybee,blakeshelton,2011,data/2011/country/Honey_Bee---blake_shelton.txt,country
1199,kneedeep,zacbrownband,2011,data/2011/country/Knee_Deep---zac_brown_band_.txt,country
1200,crazygirl,eliyoungband,2011,data/2011/country/Crazy_Girl---eli_young_band.txt,country
1201,backtodecember,taylorswift,2011,data/2011/country/Back_To_December---taylor_swift.txt,country
1202,countrygirl(shakeitforme),lukebryan,2011,data/2011/country/Country_Girl_(Shake_It_For_Me)---luke_bryan.txt,country
1203,youandtequila,kennychesney,2011,data/2011/country/You_And_Tequila---kenny_chesney_.txt,country
1267,redsolocup,tobykeith,2012,data/2012/country/Red_Solo_Cup---toby_keith.txt,country
1268,pontoon,littlebigtown,2012,data/2012/country/Pontoon---little_big_town.txt,country
1269,evenifitbreaksyourheart,eliyoungband,2012,data/2012/country/Even_If_It_Breaks_Your_Heart---eli_young_band.txt,country
1270,wanted,hunterhayes,2012,data/2012/country/Wanted---hunter_hayes.txt,country
1271,springsteen,ericchurch,2012,data/2012/country/Springsteen---eric_church.txt,country
1272,somethinboutatruck,kipmoore,2012,data/2012/country/Somethin_Bout_A_Truck---kip_moore.txt,country
1273,comeover,kennychesney,2012,data/2012/country/Come_Over---kenny_chesney.txt,country
1274,flyoverstates,jasonaldean,2012,data/2012/country/Fly_Over_States---jason_aldean.txt,country
1275,notoveryou,gavindegraw,2012,data/2012/country/Not_Over_You---gavin_degraw.txt,country
1276,idontwantthisnighttoend,lukebryan,2012,data/2012/country/I_Dont_Want_This_Night_To_End---luke_bryan.txt,country
1277,goodgirl,carrieunderwood,2012,data/2012/country/Good_Girl---carrie_underwood.txt,country
1278,home,phillipphillips,2012,data/2012/country/Home---phillip_phillips.txt,country
1279,blownaway,carrieunderwood,2012,data/2012/country/Blown_Away---carrie_underwood.txt,country
1280,weareneverevergettingbacktogether,taylorswift,2012,data/2012/country/We_Are_Never_Ever_Getting_Back_Together---taylor_swift.txt,country
1281,takealittleride,jasonaldean,2012,data/2012/country/Take_A_Little_Ride---jason_aldean.txt,country
1282,hardtolove,leebrice,2012,data/2012/country/Hard_To_Love---lee_brice.txt,country
1283,drunkonyou,lukebryan,2012,data/2012/country/Drunk_On_You---luke_bryan.txt,country
1338,wagonwheel,dariusrucker,2013,data/2013/country/Wagon_Wheel---darius_rucker.txt,country
1339,thatsmykindofnight,lukebryan,2013,data/2013/country/Thats_My_Kind_Of_Night---luke_bryan.txt,country
1340,highwaydontcare,timmcgraw,2013,data/2013/country/Highway_Dont_Care---tim_mcgraw_.txt,country
1341,surebecoolifyoudid,blakeshelton,2013,data/2013/country/Sure_Be_Cool_If_You_Did---blake_shelton.txt,country
1342,downtown,ladyantebellum,2013,data/2013/country/Downtown---lady_antebellum.txt,country
1343,gonegonegone,phillipphillips,2013,"data/2013/country/Gone,_Gone,_Gone---phillip_phillips.txt",country
1344,crashmyparty,lukebryan,2013,data/2013/country/Crash_My_Party---luke_bryan.txt,country
1345,getyourshineon,floridageorgialine,2013,data/2013/country/Get_Your_Shine_On---florida_georgia_line.txt,country
1346,boysroundhere,blakeshelton,2013,data/2013/country/Boys_round_Here---blake_shelton_.txt,country
1347,wreckingball,mileycyrus,2013,data/2013/country/Wrecking_Ball---miley_cyrus.txt,country
1348,iknewyouweretrouble.,taylorswift,2013,data/2013/country/I_Knew_You_Were_Trouble.---taylor_swift.txt,country
1349,mamasbrokenheart,mirandalambert,2013,data/2013/country/Mamas_Broken_Heart---miranda_lambert.txt,country
1350,22,taylorswift,2013,data/2013/country/22---taylor_swift.txt,country
1351,runninouttamoonlight,randyhouser,2013,data/2013/country/Runnin_Outta_Moonlight---randy_houser.txt,country
1352,itgoeslikethis,thomasrhett,2013,data/2013/country/It_Goes_Like_This---thomas_rhett.txt,country
1353,cruise,floridageorgialine,2013,data/2013/country/Cruise---florida_georgia_line_.txt,country
1354,wecantstop,mileycyrus,2013,data/2013/country/We_Cant_Stop---miley_cyrus.txt,country
1355,iwantcrazy,hunterhayes,2013,data/2013/country/I_Want_Crazy---hunter_hayes.txt,country
1408,adoreyou,mileycyrus,2014,data/2014/country/Adore_You---miley_cyrus.txt,country
1409,playitagain,lukebryan,2014,data/2014/country/Play_It_Again---luke_bryan.txt,country
1410,bottomsup,brantleygilbert,2014,data/2014/country/Bottoms_Up---brantley_gilbert.txt,country
1411,thisishowweroll,floridageorgialine,2014,data/2014/country/This_Is_How_We_Roll---florida_georgia_line_.txt,country
1412,bartender,ladyantebellum,2014,data/2014/country/Bartender---lady_antebellum.txt,country
1413,beachin,jakeowen,2014,data/2014/country/Beachin---jake_owen.txt,country
1414,drunkonaplane,dierksbentley,2014,data/2014/country/Drunk_On_A_Plane---dierks_bentley.txt,country
1415,americankids,kennychesney,2014,data/2014/country/American_Kids---kenny_chesney.txt,country
1416,leavethenighton,samhunt,2014,data/2014/country/Leave_The_Night_On---sam_hunt.txt,country
1417,shakeitoff,taylorswift,2014,data/2014/country/Shake_It_Off---taylor_swift.txt,country
1418,idontdance,leebrice,2014,data/2014/country/I_Dont_Dance---lee_brice.txt,country
1419,burninitdown,jasonaldean,2014,data/2014/country/Burnin_It_Down---jason_aldean.txt,country
1420,dirt,floridageorgialine,2014,data/2014/country/Dirt---florida_georgia_line.txt,country
1483,kickthedustup,lukebryan,2015,data/2015/country/Kick_The_Dust_Up---luke_bryan.txt,country
1484,girlcrush,littlebigtown,2015,data/2015/country/Girl_Crush---little_big_town.txt,country
1485,blankspace,taylorswift,2015,data/2015/country/Blank_Space---taylor_swift.txt,country
1486,takeyourtime,samhunt,2015,data/2015/country/Take_Your_Time---sam_hunt.txt,country
1487,houseparty,samhunt,2015,data/2015/country/House_Party---sam_hunt.txt,country
1488,shakeitoff,taylorswift,2015,data/2015/country/Shake_It_Off_---taylor_swift.txt,country
1489,style,taylorswift,2015,data/2015/country/Style---taylor_swift.txt,country
1490,wildestdreams,taylorswift,2015,data/2015/country/Wildest_Dreams---taylor_swift.txt,country
1491,badblood,taylorswift,2015,data/2015/country/Bad_Blood---taylor_swift_.txt,country
1558,humbleandkind,timmcgraw,2016,data/2016/country/Humble_And_Kind---tim_mcgraw.txt,country
1559,h.o.l.y.,floridageorgialine,2016,data/2016/country/H.O.L.Y.---florida_georgia_line.txt,country
1560,dieahappyman,thomasrhett,2016,data/2016/country/Die_A_Happy_Man---thomas_rhett.txt,country
1623,lookwhatyoumademedo,taylorswift,2017,data/2017/country/Look_What_You_Made_Me_Do---taylor_swift.txt,country
1624,hurricane,lukecombs,2017,data/2017/country/Hurricane---luke_combs.txt,country
1625,smalltownboy,dustinlynch,2017,data/2017/country/Small_Town_Boy---dustin_lynch.txt,country
1626,incaseyoudidntknow,brettyoung,2017,data/2017/country/In_Case_You_Didnt_Know---brett_young.txt,country
1627,bodylikeabackroad,samhunt,2017,data/2017/country/Body_Like_A_Back_Road---sam_hunt.txt,country
1628,thefighter,keithurban,2017,data/2017/country/The_Fighter---keith_urban_.txt,country
1629,whatifs,kanebrown,2017,data/2017/country/What_Ifs---kane_brown_.txt,country
1630,malibu,mileycyrus,2017,data/2017/country/Malibu---miley_cyrus.txt,country
1689,getalong,kennychesney,2018,data/2018/country/Get_Along---kenny_chesney.txt,country
1690,heaven,kanebrown,2018,data/2018/country/Heaven---kane_brown.txt,country
1691,marryme,thomasrhett,2018,data/2018/country/Marry_Me---thomas_rhett.txt,country
1692,tequila,dan+shay,2018,data/2018/country/Tequila---dan_+_shay.txt,country
1693,delicate,taylorswift,2018,data/2018/country/Delicate---taylor_swift.txt,country
1694,youmakeiteasy,jasonaldean,2018,data/2018/country/You_Make_It_Easy---jason_aldean.txt,country
1695,mercy,brettyoung,2018,data/2018/country/Mercy---brett_young.txt,country
1696,simple,floridageorgialine,2018,data/2018/country/Simple---florida_georgia_line.txt,country
1697,onenumberaway,lukecombs,2018,data/2018/country/One_Number_Away---luke_combs.txt,country
1765,beerneverbrokemyheart,lukecombs,2019,data/2019/country/Beer_Never_Broke_My_Heart---luke_combs.txt,country
1766,rumor,leebrice,2019,data/2019/country/Rumor---lee_brice.txt,country
1767,me!,taylorswift,2019,data/2019/country/ME!---taylor_swift_.txt,country
1768,talkyououtofit,floridageorgialine,2019,data/2019/country/Talk_You_Out_Of_It---florida_georgia_line.txt,country
1769,alltomyself,dan+shay,2019,data/2019/country/All_To_Myself---dan_+_shay.txt,country
1770,speechless,dan+shay,2019,data/2019/country/Speechless---dan_+_shay.txt,country
1771,goodasyou,kanebrown,2019,data/2019/country/Good_As_You---kane_brown.txt,country
1772,whiskeyglasses,morganwallen,2019,data/2019/country/Whiskey_Glasses---morgan_wallen.txt,country
1773,thegitup,blancobrown,2019,data/2019/country/The_Git_Up---blanco_brown.txt,country
1774,lookwhatgodgaveher,thomasrhett,2019,data/2019/country/Look_What_God_Gave_Her---thomas_rhett.txt,country
1775,knockinboots,lukebryan,2019,data/2019/country/Knockin_Boots---luke_bryan.txt,country
1776,eyesonyou,chaserice,2019,data/2019/country/Eyes_On_You---chase_rice.txt,country
1777,beautifulcrazy,lukecombs,2019,data/2019/country/Beautiful_Crazy---luke_combs.txt,country
1778,godscountry,blakeshelton,2019,data/2019/country/Gods_Country---blake_shelton.txt,country
1779,youneedtocalmdown,taylorswift,2019,data/2019/country/You_Need_To_Calm_Down---taylor_swift.txt,country
1835,thebones,marenmorris,2020,data/2020/country/The_Bones---maren_morris.txt,country
1836,doestome,lukecombs,2020,data/2020/country/Does_To_Me---luke_combs_.txt,country
1837,diefromabrokenheart,maddie,2020,data/2020/country/Die_From_A_Broken_Heart---maddie_.txt,country
1838,hardtoforget,samhunt,2020,data/2020/country/Hard_To_Forget---sam_hunt.txt,country
1839,ihope,gabbybarrett,2020,data/2020/country/I_Hope---gabby_barrett_.txt,country
1840,morethanmyhometown,morganwallen,2020,data/2020/country/More_Than_My_Hometown---morgan_wallen.txt,country
1841,onemanband,olddominion,2020,data/2020/country/One_Man_Band---old_dominion.txt,country
1842,oneofthemgirls,leebrice,2020,data/2020/country/One_Of_Them_Girls---lee_brice.txt,country
1843,chasinyou,morganwallen,2020,data/2020/country/Chasin_You---morgan_wallen.txt,country
1844,gotwhatigot,jasonaldean,2020,data/2020/country/Got_What_I_Got---jason_aldean.txt,country
1845,onemargarita,lukebryan,2020,data/2020/country/One_Margarita---luke_bryan.txt,country
1846,eventhoughimleaving,lukecombs,2020,data/2020/country/Even_Though_Im_Leaving---luke_combs.txt,country
1847,bluebird,mirandalambert,2020,data/2020/country/Bluebird---miranda_lambert.txt,country
1848,homesick,kanebrown,2020,data/2020/country/Homesick---kane_brown.txt,country
1849,10000hours,dan+shay,2020,"data/2020/country/10,000_Hours---dan_+_shay_.txt",country
1850,belikethat,kanebrown,2020,data/2020/country/Be_Like_That---kane_brown_.txt,country
1851,ihopeyourehappynow,carlypearce,2020,data/2020/country/I_Hope_Youre_Happy_Now---carly_pearce_.txt,country
1852,lovinonyou,lukecombs,2020,data/2020/country/Lovin_On_You---luke_combs.txt,country
1024,beautiful,akon,2009,data/2009/rnbhiphop/Beautiful---akon_.txt,rnbhiphop
1025,disturbia,rihanna,2009,data/2009/rnbhiphop/Disturbia---rihanna.txt,rnbhiphop
1026,prettywings,ma,2009,data/2009/rnbhiphop/Pretty_Wings---ma.txt,rnbhiphop
1027,rockinthatthang,the-dream,2009,data/2009/rnbhiphop/Rockin_That_Thang---the-dream.txt,rnbhiphop
1028,goodbye,kristiniadebarge,2009,data/2009/rnbhiphop/Goodbye---kristinia_debarge.txt,rnbhiphop
1029,ifiwereaboy,beyonce,2009,data/2009/rnbhiphop/If_I_Were_A_Boy---beyonce.txt,rnbhiphop
1030,singleladies(putaringonit),beyonce,2009,data/2009/rnbhiphop/Single_Ladies_(Put_A_Ring_On_It)---beyonce.txt,rnbhiphop
1031,diva,beyonce,2009,data/2009/rnbhiphop/Diva---beyonce.txt,rnbhiphop
1032,halo,beyonce,2009,data/2009/rnbhiphop/Halo---_beyonce.txt,rnbhiphop
1033,boomboompow,theblackeyedpeas,2009,data/2009/rnbhiphop/Boom_Boom_Pow---the_black_eyed_peas.txt,rnbhiphop
1034,greenlight,johnlegend,2009,data/2009/rnbhiphop/Green_Light---john_legend_.txt,rnbhiphop
1035,rightnow(nanana),akon,2009,data/2009/rnbhiphop/Right_Now_(Na_Na_Na)---akon.txt,rnbhiphop
1036,turninmeon,kerihilson,2009,data/2009/rnbhiphop/Turnin_Me_On---keri_hilson_.txt,rnbhiphop
1037,mad,ne-yo,2009,data/2009/rnbhiphop/Mad---ne-yo.txt,rnbhiphop
1038,knockyoudown,kerihilson,2009,data/2009/rnbhiphop/Knock_You_Down---keri_hilson_.txt,rnbhiphop
1039,igottafeeling,theblackeyedpeas,2009,data/2009/rnbhiphop/I_Gotta_Feeling---the_black_eyed_peas.txt,rnbhiphop
1040,replay,iyaz,2009,data/2009/rnbhiphop/Replay---iyaz.txt,rnbhiphop
1041,sweetdreams,beyonce,2009,data/2009/rnbhiphop/Sweet_Dreams---beyonce.txt,rnbhiphop
1042,missindependent,ne-yo,2009,data/2009/rnbhiphop/Miss_Independent---ne-yo.txt,rnbhiphop
1043,obsessed,mariahcarey,2009,data/2009/rnbhiphop/Obsessed---mariah_carey.txt,rnbhiphop
1044,empirestateofmind,jay-z+aliciakeys,2009,data/2009/rnbhiphop/Empire_State_Of_Mind---jay-z_+_alicia_keys.txt,rnbhiphop
1045,breakup,mario,2009,data/2009/rnbhiphop/Break_Up---mario_.txt,rnbhiphop
1046,birthdaysex,jeremih,2009,data/2009/rnbhiphop/Birthday_Sex---jeremih.txt,rnbhiphop
1047,blameit,jamiefoxx,2009,data/2009/rnbhiphop/Blame_It---jamie_foxx_.txt,rnbhiphop
1048,whatchasay,jasonderulo,2009,data/2009/rnbhiphop/Whatcha_Say---jason_derulo.txt,rnbhiphop
1049,turnmyswagon,souljaboytell'em,2009,data/2009/rnbhiphop/Turn_My_Swag_On---soulja_boy_tell'em.txt,rnbhiphop
1100,ridinsolo,jasonderulo,2010,data/2010/rnbhiphop/Ridin_Solo---jason_derulo.txt,rnbhiphop
1101,justthewayyouare,brunomars,2010,data/2010/rnbhiphop/Just_The_Way_You_Are---bruno_mars.txt,rnbhiphop
1102,onlygirl(intheworld),rihanna,2010,data/2010/rnbhiphop/Only_Girl_(In_The_World)---rihanna.txt,rnbhiphop
1103,carryout,timbaland,2010,data/2010/rnbhiphop/Carry_Out---timbaland_.txt,rnbhiphop
1104,immabe,theblackeyedpeas,2010,data/2010/rnbhiphop/Imma_Be---the_black_eyed_peas.txt,rnbhiphop
1105,deuces,chrisbrown,2010,data/2010/rnbhiphop/Deuces---chris_brown_.txt,rnbhiphop
1106,youngforever,jay-z+mr.hudson,2010,data/2010/rnbhiphop/Young_Forever---jay-z_+_mr._hudson.txt,rnbhiphop
1107,bottomsup,treysongz,2010,data/2010/rnbhiphop/Bottoms_Up---trey_songz_.txt,rnbhiphop
1108,sayaah,treysongz,2010,data/2010/rnbhiphop/Say_Aah---trey_songz_.txt,rnbhiphop
1109,inmyhead,jasonderulo,2010,data/2010/rnbhiphop/In_My_Head---jason_derulo.txt,rnbhiphop
1110,saysomething,timbaland,2010,data/2010/rnbhiphop/Say_Something---timbaland_.txt,rnbhiphop
1111,rudeboy,rihanna,2010,data/2010/rnbhiphop/Rude_Boy_---rihanna.txt,rnbhiphop
1112,meetmehalfway,theblackeyedpeas,2010,data/2010/rnbhiphop/Meet_Me_Halfway---the_black_eyed_peas.txt,rnbhiphop
1113,hard,rihanna,2010,data/2010/rnbhiphop/Hard---rihanna_.txt,rnbhiphop
1114,theregoesmybaby,usher,2010,data/2010/rnbhiphop/There_Goes_My_Baby---usher.txt,rnbhiphop
1115,heydaddy(daddyshome),usher,2010,data/2010/rnbhiphop/Hey_Daddy_(Daddys_Home)---usher_.txt,rnbhiphop
1116,rockthatbody,theblackeyedpeas,2010,data/2010/rnbhiphop/Rock_That_Body---the_black_eyed_peas.txt,rnbhiphop
1117,un-thinkable(imready),aliciakeys,2010,data/2010/rnbhiphop/Un-Thinkable_(Im_Ready)---alicia_keys.txt,rnbhiphop
1118,djgotusfallininlove,usher,2010,data/2010/rnbhiphop/DJ_Got_Us_Fallin_In_Love---usher_.txt,rnbhiphop
1119,omg,usher,2010,data/2010/rnbhiphop/OMG---usher_.txt,rnbhiphop
1120,justadream,nelly,2010,data/2010/rnbhiphop/Just_A_Dream---nelly.txt,rnbhiphop
1121,trysleepingwithabrokenheart,aliciakeys,2010,data/2010/rnbhiphop/Try_Sleeping_With_A_Broken_Heart---alicia_keys.txt,rnbhiphop
1170,whatsmyname?,rihanna,2011,data/2011/rnbhiphop/Whats_My_Name?---rihanna_.txt,rnbhiphop
1171,cheers(drinktothat),rihanna,2011,data/2011/rnbhiphop/Cheers_(Drink_To_That)---rihanna.txt,rnbhiphop
1172,justcantgetenough,theblackeyedpeas,2011,data/2011/rnbhiphop/Just_Cant_Get_Enough---the_black_eyed_peas.txt,rnbhiphop
1173,thelazysong,brunomars,2011,data/2011/rnbhiphop/The_Lazy_Song---bruno_mars.txt,rnbhiphop
1174,bestthingineverhad,beyonce,2011,data/2011/rnbhiphop/Best_Thing_I_Never_Had---beyonce.txt,rnbhiphop
1175,downonme,jeremih,2011,data/2011/rnbhiphop/Down_On_Me---jeremih_.txt,rnbhiphop
1176,surething,miguel,2011,data/2011/rnbhiphop/Sure_Thing---miguel.txt,rnbhiphop
1177,wefoundlove,rihanna,2011,data/2011/rnbhiphop/We_Found_Love---rihanna_.txt,rnbhiphop
1178,lookatmenow,chrisbrown,2011,data/2011/rnbhiphop/Look_At_Me_Now---chris_brown_.txt,rnbhiphop
1179,thetime(dirtybit),theblackeyedpeas,2011,data/2011/rnbhiphop/The_Time_(Dirty_Bit)---the_black_eyed_peas.txt,rnbhiphop
1180,prettygirlrock,kerihilson,2011,data/2011/rnbhiphop/Pretty_Girl_Rock---keri_hilson.txt,rnbhiphop
1181,motivation,kellyrowland,2011,data/2011/rnbhiphop/Motivation---kelly_rowland_.txt,rnbhiphop
1182,yeah3x,chrisbrown,2011,data/2011/rnbhiphop/Yeah_3X---chris_brown.txt,rnbhiphop
1183,cominghome,diddy-dirtymoney,2011,data/2011/rnbhiphop/Coming_Home---diddy_-_dirty_money_.txt,rnbhiphop
1184,sheaintyou,chrisbrown,2011,data/2011/rnbhiphop/She_Aint_You---chris_brown.txt,rnbhiphop
1185,grenade,brunomars,2011,data/2011/rnbhiphop/Grenade---bruno_mars.txt,rnbhiphop
1186,s&m,rihanna,2011,data/2011/rnbhiphop/S&M---rihanna.txt,rnbhiphop
1187,more,usher,2011,data/2011/rnbhiphop/More---usher.txt,rnbhiphop
1188,dontwannagohome,jasonderulo,2011,data/2011/rnbhiphop/Dont_Wanna_Go_Home---jason_derulo.txt,rnbhiphop
1189,nohands,wakaflockaflame,2011,data/2011/rnbhiphop/No_Hands---waka_flocka_flame_.txt,rnbhiphop
1248,climax,usher,2012,data/2012/rnbhiphop/Climax---usher.txt,rnbhiphop
1249,giveyourheartabreak,demilovato,2012,data/2012/rnbhiphop/Give_Your_Heart_A_Break---demi_lovato.txt,rnbhiphop
1250,scream,usher,2012,data/2012/rnbhiphop/Scream---usher.txt,rnbhiphop
1251,itwillrain,brunomars,2012,data/2012/rnbhiphop/It_Will_Rain---bruno_mars.txt,rnbhiphop
1252,heartattack,treysongz,2012,data/2012/rnbhiphop/Heart_Attack---trey_songz.txt,rnbhiphop
1253,adorn,miguel,2012,data/2012/rnbhiphop/Adorn---miguel.txt,rnbhiphop
1254,diamonds,rihanna,2012,data/2012/rnbhiphop/Diamonds---rihanna.txt,rnbhiphop
1255,letsgo,calvinharris,2012,data/2012/rnbhiphop/Lets_Go---calvin_harris_.txt,rnbhiphop
1256,feelsoclose,calvinharris,2012,data/2012/rnbhiphop/Feel_So_Close---calvin_harris.txt,rnbhiphop
1257,niggasinparis,jayzkanyewest,2012,data/2012/rnbhiphop/Niggas_in_Paris---jay_z_kanye_west.txt,rnbhiphop
1258,wherehaveyoubeen,rihanna,2012,data/2012/rnbhiphop/Where_Have_You_Been---rihanna.txt,rnbhiphop
1259,5oclock,t-pain,2012,data/2012/rnbhiphop/5_OClock---t-pain_.txt,rnbhiphop
1260,youdaone,rihanna,2012,data/2012/rnbhiphop/You_Da_One---rihanna.txt,rnbhiphop
1261,letmeloveyou(untilyoulearntoloveyourself),ne-yo,2012,data/2012/rnbhiphop/Let_Me_Love_You_(Until_You_Learn_To_Love_Yourself)---ne-yo.txt,rnbhiphop
1262,dontwakemeup,chrisbrown,2012,data/2012/rnbhiphop/Dont_Wake_Me_Up---chris_brown.txt,rnbhiphop
1263,turnupthemusic,chrisbrown,2012,data/2012/rnbhiphop/Turn_Up_The_Music---chris_brown.txt,rnbhiphop
1264,cashinout,cashout,2012,data/2012/rnbhiphop/Cashin_Out---cash_out.txt,rnbhiphop
1265,birthdaycake,rihanna,2012,data/2012/rnbhiphop/Birthday_Cake---rihanna_.txt,rnbhiphop
1266,drankinmycup,kirkobangz,2012,data/2012/rnbhiphop/Drank_In_My_Cup---kirko_bangz.txt,rnbhiphop
1321,wheniwasyourman,brunomars,2013,data/2013/rnbhiphop/When_I_Was_Your_Man---bruno_mars.txt,rnbhiphop
1322,bodyparty,ciara,2013,data/2013/rnbhiphop/Body_Party---ciara.txt,rnbhiphop
1323,girlonfire,aliciakeys,2013,data/2013/rnbhiphop/Girl_On_Fire---alicia_keys_.txt,rnbhiphop
1324,sweetnothing,calvinharris,2013,data/2013/rnbhiphop/Sweet_Nothing---calvin_harris_.txt,rnbhiphop
1325,u.o.e.n.o.,rocko,2013,data/2013/rnbhiphop/U.O.E.N.O.---rocko_.txt,rnbhiphop
1326,stay,rihanna,2013,data/2013/rnbhiphop/Stay---rihanna_.txt,rnbhiphop
1327,nexttome,emelisande,2013,data/2013/rnbhiphop/Next_To_Me---emeli_sande.txt,rnbhiphop
1328,bugatti,acehood,2013,data/2013/rnbhiphop/Bugatti---ace_hood_.txt,rnbhiphop
1329,theotherside,jasonderulo,2013,data/2013/rnbhiphop/The_Other_Side---jason_derulo.txt,rnbhiphop
1330,blurredlines,robinthicke,2013,data/2013/rnbhiphop/Blurred_Lines---robin_thicke_.txt,rnbhiphop
1331,pouritup,rihanna,2013,data/2013/rnbhiphop/Pour_It_Up---rihanna.txt,rnbhiphop
1332,lockedoutofheaven,brunomars,2013,data/2013/rnbhiphop/Locked_Out_Of_Heaven---bruno_mars.txt,rnbhiphop
1333,bad,wale,2013,data/2013/rnbhiphop/Bad---wale_.txt,rnbhiphop
1334,beautiful,mariahcarey,2013,data/2013/rnbhiphop/Beautiful---mariah_carey_.txt,rnbhiphop
1335,heartattack,demilovato,2013,data/2013/rnbhiphop/Heart_Attack---demi_lovato.txt,rnbhiphop
1336,treasure,brunomars,2013,data/2013/rnbhiphop/Treasure---bruno_mars.txt,rnbhiphop
1337,ineedyourlove,calvinharris,2013,data/2013/rnbhiphop/I_Need_Your_Love---calvin_harris_.txt,rnbhiphop
1393,theman,aloeblacc,2014,data/2014/rnbhiphop/The_Man---aloe_blacc.txt,rnbhiphop
1394,loyal,chrisbrown,2014,data/2014/rnbhiphop/Loyal---chris_brown_.txt,rnbhiphop
1395,nana,treysongz,2014,data/2014/rnbhiphop/Na_Na---trey_songz.txt,rnbhiphop
1396,wiggle,jasonderulo,2014,data/2014/rnbhiphop/Wiggle---jason_derulo_.txt,rnbhiphop
1397,summer,calvinharris,2014,data/2014/rnbhiphop/Summer---calvin_harris.txt,rnbhiphop
1398,trumpets,jasonderulo,2014,data/2014/rnbhiphop/Trumpets---jason_derulo.txt,rnbhiphop
1399,allaboutthatbass,meghantrainor,2014,data/2014/rnbhiphop/All_About_That_Bass---meghan_trainor.txt,rnbhiphop
1400,allofme,johnlegend,2014,data/2014/rnbhiphop/All_Of_Me---john_legend.txt,rnbhiphop
1401,talkdirty,jasonderulo,2014,data/2014/rnbhiphop/Talk_Dirty---jason_derulo_.txt,rnbhiphop
1402,donttellem,jeremih,2014,data/2014/rnbhiphop/Dont_Tell_Em---jeremih_.txt,rnbhiphop
1403,twoon,tinashe,2014,data/2014/rnbhiphop/two_On---tinashe_.txt,rnbhiphop
1404,drunkinlove,beyonce,2014,data/2014/rnbhiphop/Drunk_In_Love---beyonce_.txt,rnbhiphop
1405,partition,beyonce,2014,data/2014/rnbhiphop/Partition---beyonce.txt,rnbhiphop
1406,newflame,chrisbrown,2014,data/2014/rnbhiphop/New_Flame---chris_brown_.txt,rnbhiphop
1407,loveneverfeltsogood,michaeljackson,2014,data/2014/rnbhiphop/Love_Never_Felt_So_Good---michael_jackson_.txt,rnbhiphop
1460,ghost,ellahenderson,2015,data/2015/rnbhiphop/Ghost---ella_henderson.txt,rnbhiphop
1461,coolforthesummer,demilovato,2015,data/2015/rnbhiphop/Cool_For_The_Summer---demi_lovato.txt,rnbhiphop
1462,flex(oohoohooh),richhomiequan,2015,data/2015/rnbhiphop/Flex_(Ooh_Ooh_Ooh)---rich_homie_quan.txt,rnbhiphop
1463,likeimgonnaloseyou,meghantrainor,2015,data/2015/rnbhiphop/Like_Im_Gonna_Lose_You---meghan_trainor_.txt,rnbhiphop
1464,earnedit(fiftyshadesofgrey),theweeknd,2015,data/2015/rnbhiphop/Earned_It_(Fifty_Shades_Of_Grey)---the_weeknd.txt,rnbhiphop
1465,cantfeelmyface,theweeknd,2015,data/2015/rnbhiphop/Cant_Feel_My_Face---the_weeknd.txt,rnbhiphop
1466,howdeepisyourlove,calvinharris,2015,data/2015/rnbhiphop/How_Deep_Is_Your_Love---calvin_harris_.txt,rnbhiphop
1467,wanttowantme,jasonderulo,2015,data/2015/rnbhiphop/Want_To_Want_Me---jason_derulo.txt,rnbhiphop
1468,coco,o.t.genasis,2015,data/2015/rnbhiphop/CoCo---o.t._genasis.txt,rnbhiphop
1469,nastyfreestyle,t-wayne,2015,data/2015/rnbhiphop/Nasty_Freestyle---t-wayne.txt,rnbhiphop
1470,idontmind,usher,2015,data/2015/rnbhiphop/I_Dont_Mind---usher_.txt,rnbhiphop
1471,slowmotion,treysongz,2015,data/2015/rnbhiphop/Slow_Motion---trey_songz.txt,rnbhiphop
1472,sheknows,ne-yo,2015,data/2015/rnbhiphop/She_Knows---ne-yo_.txt,rnbhiphop
1473,dearfuturehusband,meghantrainor,2015,data/2015/rnbhiphop/Dear_Future_Husband---meghan_trainor.txt,rnbhiphop
1474,lipsaremovin,meghantrainor,2015,data/2015/rnbhiphop/Lips_Are_Movin---meghan_trainor.txt,rnbhiphop
1475,posttobe,omarion,2015,data/2015/rnbhiphop/Post_To_Be---omarion_.txt,rnbhiphop
1476,classicman,jidenna,2015,data/2015/rnbhiphop/Classic_Man---jidenna_.txt,rnbhiphop
1477,fourfiveseconds,rihanna,2015,data/2015/rnbhiphop/FourFiveSeconds---rihanna_.txt,rnbhiphop
1478,bitchbetterhavemymoney,rihanna,2015,data/2015/rnbhiphop/Bitch_Better_Have_My_Money---rihanna.txt,rnbhiphop
1479,hitthequan,ilovememphis,2015,data/2015/rnbhiphop/Hit_The_Quan---ilovememphis.txt,rnbhiphop
1480,ayo,chrisbrown,2015,data/2015/rnbhiphop/Ayo---chris_brown_.txt,rnbhiphop
1481,somebody,natalielarose,2015,data/2015/rnbhiphop/Somebody---natalie_la_rose_.txt,rnbhiphop
1482,thehills,theweeknd,2015,data/2015/rnbhiphop/The_Hills---the_weeknd.txt,rnbhiphop
1540,nolimit,usher,2016,data/2016/rnbhiphop/No_Limit---usher_.txt,rnbhiphop
1541,sorry,beyonce,2016,data/2016/rnbhiphop/Sorry---beyonce.txt,rnbhiphop
1542,oui,jeremih,2016,data/2016/rnbhiphop/Oui---jeremih.txt,rnbhiphop
1543,broccoli,d.r.a.m.,2016,data/2016/rnbhiphop/Broccoli---d.r.a.m._.txt,rnbhiphop
1544,dont,brysontiller,2016,data/2016/rnbhiphop/Dont---bryson_tiller.txt,rnbhiphop
1545,starboy,theweeknd,2016,data/2016/rnbhiphop/Starboy---the_weeknd_.txt,rnbhiphop
1546,thisiswhatyoucamefor,calvinharris,2016,data/2016/rnbhiphop/This_Is_What_You_Came_For---calvin_harris_.txt,rnbhiphop
1547,neededme,rihanna,2016,data/2016/rnbhiphop/Needed_Me---rihanna.txt,rnbhiphop
1548,cutit,o.t.genasis,2016,data/2016/rnbhiphop/Cut_It---o.t._genasis_.txt,rnbhiphop
1549,no,meghantrainor,2016,data/2016/rnbhiphop/No---meghan_trainor.txt,rnbhiphop
1550,metoo,meghantrainor,2016,data/2016/rnbhiphop/Me_Too---meghan_trainor.txt,rnbhiphop
1551,exchange,brysontiller,2016,data/2016/rnbhiphop/Exchange---bryson_tiller.txt,rnbhiphop
1552,downinthedm,yogotti,2016,data/2016/rnbhiphop/Down_In_The_DM---yo_gotti_.txt,rnbhiphop
1553,work,rihanna,2016,data/2016/rnbhiphop/Work---rihanna_.txt,rnbhiphop
1554,sayit,torylanez,2016,data/2016/rnbhiphop/Say_It---tory_lanez.txt,rnbhiphop
1555,luv,torylanez,2016,data/2016/rnbhiphop/Luv---tory_lanez.txt,rnbhiphop
1556,inthenight,theweeknd,2016,data/2016/rnbhiphop/In_The_Night---the_weeknd.txt,rnbhiphop
1557,backtosleep,chrisbrown,2016,data/2016/rnbhiphop/Back_To_Sleep---chris_brown.txt,rnbhiphop
1601,slide,calvinharris,2017,data/2017/rnbhiphop/Slide---calvin_harris_.txt,rnbhiphop
1602,24kmagic,brunomars,2017,data/2017/rnbhiphop/24K_Magic---bruno_mars.txt,rnbhiphop
1603,swalla,jasonderulo,2017,data/2017/rnbhiphop/Swalla_---jason_derulo_.txt,rnbhiphop
1604,unforgettable,frenchmontana,2017,data/2017/rnbhiphop/Unforgettable---french_montana_.txt,rnbhiphop
1605,thatswhatilike,brunomars,2017,data/2017/rnbhiphop/Thats_What_I_Like---bruno_mars.txt,rnbhiphop
1606,feels,calvinharris,2017,data/2017/rnbhiphop/Feels---calvin_harris_.txt,rnbhiphop
1607,badthings,machinegunkelly,2017,data/2017/rnbhiphop/Bad_Things---machine_gun_kelly_.txt,rnbhiphop
1608,jujuonthatbeattzanthem,zayhilfigerrr,2017,data/2017/rnbhiphop/Juju_On_That_Beat_TZ_Anthem---zay_hilfigerrr_.txt,rnbhiphop
1609,ifeelitcoming,theweeknd,2017,data/2017/rnbhiphop/I_Feel_It_Coming---the_weeknd_.txt,rnbhiphop
1610,alltimelow,jonbellion,2017,data/2017/rnbhiphop/All_Time_Low---jon_bellion.txt,rnbhiphop
1611,bankaccount,21savage,2017,data/2017/rnbhiphop/Bank_Account---21_savage.txt,rnbhiphop
1612,youngdumbandbroke,khalid,2017,data/2017/rnbhiphop/Young_Dumb_and_Broke---khalid.txt,rnbhiphop
1613,lovegalore,sza,2017,data/2017/rnbhiphop/Love_Galore---sza_.txt,rnbhiphop
1614,magnolia,playboicarti,2017,data/2017/rnbhiphop/Magnolia---playboi_carti.txt,rnbhiphop
1615,ispy,kyle,2017,data/2017/rnbhiphop/iSpy---kyle_.txt,rnbhiphop
1616,doremi,blackbear,2017,data/2017/rnbhiphop/Do_Re_Mi---blackbear.txt,rnbhiphop
1617,havana,camilacabello,2017,data/2017/rnbhiphop/Havana---camila_cabello_.txt,rnbhiphop
1618,sorrynotsorry,demilovato,2017,data/2017/rnbhiphop/Sorry_Not_Sorry---demi_lovato.txt,rnbhiphop
1619,rolex,ayo,2017,data/2017/rnbhiphop/Rolex---ayo_.txt,rnbhiphop
1620,location,khalid,2017,data/2017/rnbhiphop/Location---khalid.txt,rnbhiphop
1621,rakeitup,yogotti,2017,data/2017/rnbhiphop/Rake_It_Up---yo_gotti_.txt,rnbhiphop
1622,loveonthebrain,rihanna,2017,data/2017/rnbhiphop/Love_On_The_Brain---rihanna.txt,rnbhiphop
1675,lovelies,khalid,2018,data/2018/rnbhiphop/Love_Lies---khalid_.txt,rnbhiphop
1676,plugwalk,richthekid,2018,data/2018/rnbhiphop/Plug_Walk---rich_the_kid.txt,rnbhiphop
1677,boodup,ellamai,2018,data/2018/rnbhiphop/Bood_Up---ella_mai.txt,rnbhiphop
1678,finesse,brunomars,2018,data/2018/rnbhiphop/Finesse---bruno_mars_.txt,rnbhiphop
1679,neverbethesame,camilacabello,2018,data/2018/rnbhiphop/Never_Be_The_Same---camila_cabello.txt,rnbhiphop
1680,lookalive,blocboyjb,2018,data/2018/rnbhiphop/Look_Alive---blocboy_jb_.txt,rnbhiphop
1681,skywalker,miguel,2018,data/2018/rnbhiphop/Sky_Walker---miguel_.txt,rnbhiphop
1682,youngdumb&broke,khalid,2018,data/2018/rnbhiphop/Young_Dumb_&_Broke---khalid.txt,rnbhiphop
1683,letyoudown,nf,2018,data/2018/rnbhiphop/Let_You_Down---nf.txt,rnbhiphop
1684,trip,ellamai,2018,data/2018/rnbhiphop/Trip---ella_mai.txt,rnbhiphop
1685,ricflairdrip,offset,2018,data/2018/rnbhiphop/Ric_Flair_Drip---offset_.txt,rnbhiphop
1686,calloutmyname,theweeknd,2018,data/2018/rnbhiphop/Call_Out_My_Name---the_weeknd.txt,rnbhiphop
1687,prayforme,theweeknd,2018,data/2018/rnbhiphop/Pray_For_Me---the_weeknd_.txt,rnbhiphop
1688,onekiss,calvinharris,2018,data/2018/rnbhiphop/One_Kiss---calvin_harris_.txt,rnbhiphop
1751,thotiana,blueface,2019,data/2019/rnbhiphop/Thotiana---blueface.txt,rnbhiphop
1752,mobamba,sheckwes,2019,data/2019/rnbhiphop/Mo_Bamba---sheck_wes.txt,rnbhiphop
1753,murderonmymind,ynwmelly,2019,data/2019/rnbhiphop/Murder_On_My_Mind---ynw_melly.txt,rnbhiphop
1754,envyme,calboy,2019,data/2019/rnbhiphop/Envy_Me---calboy.txt,rnbhiphop
1755,alot,21savage,2019,data/2019/rnbhiphop/A_Lot---21_savage.txt,rnbhiphop
1756,better,khalid,2019,data/2019/rnbhiphop/Better---khalid.txt,rnbhiphop
1757,clout,offset,2019,data/2019/rnbhiphop/Clout---offset_.txt,rnbhiphop
1758,shottaflow,nlechoppa,2019,data/2019/rnbhiphop/Shotta_Flow---nle_choppa.txt,rnbhiphop
1759,noguidance,chrisbrown,2019,data/2019/rnbhiphop/No_Guidance---chris_brown_.txt,rnbhiphop
1760,popout,polog,2019,data/2019/rnbhiphop/Pop_Out---polo_g_.txt,rnbhiphop
1761,ransom,liltecca,2019,data/2019/rnbhiphop/Ransom---_lil_tecca.txt,rnbhiphop
1762,actup,citygirls,2019,data/2019/rnbhiphop/Act_Up---city_girls.txt,rnbhiphop
1763,purewater,mustard,2019,data/2019/rnbhiphop/Pure_Water---mustard_.txt,rnbhiphop
1764,talk,khalid,2019,data/2019/rnbhiphop/Talk---khalid.txt,rnbhiphop
1817,ballin,mustard,2020,data/2020/rnbhiphop/Ballin---mustard_.txt,rnbhiphop
1818,sayso,dojacat,2020,data/2020/rnbhiphop/Say_So---doja_cat.txt,rnbhiphop
1819,falling,trevordaniel,2020,data/2020/rnbhiphop/Falling---trevor_daniel.txt,rnbhiphop
1820,walkemdown,nlechoppa,2020,data/2020/rnbhiphop/Walk_Em_Down---nle_choppa_.txt,rnbhiphop
1821,pussyfairy(otw),jheneaiko,2020,data/2020/rnbhiphop/Pussy_Fairy_(OTW)---jhene_aiko.txt,rnbhiphop
1822,blueberryfaygo,lilmosey,2020,data/2020/rnbhiphop/Blueberry_Faygo---lil_mosey.txt,rnbhiphop
1823,gocrazy,chrisbrown,2020,data/2020/rnbhiphop/Go_Crazy---chris_brown_.txt,rnbhiphop
1824,saidsum,moneybaggyo,2020,data/2020/rnbhiphop/Said_Sum---moneybagg_yo.txt,rnbhiphop
1825,myohmy,camilacabello,2020,data/2020/rnbhiphop/My_Oh_My---camila_cabello_.txt,rnbhiphop
1826,partygirl,staysolidrocky,2020,data/2020/rnbhiphop/Party_Girl---staysolidrocky.txt,rnbhiphop
1827,hotgirlbummer,blackbear,2020,data/2020/rnbhiphop/Hot_Girl_Bummer---blackbear.txt,rnbhiphop
1828,juicy,dojacat,2020,data/2020/rnbhiphop/Juicy---doja_cat_.txt,rnbhiphop
1829,suicidal,ynwmelly,2020,data/2020/rnbhiphop/Suicidal---ynw_melly_.txt,rnbhiphop
1830,alliwantforchristmasisyou,mariahcarey,2020,data/2020/rnbhiphop/All_I_Want_For_Christmas_Is_You---mariah_carey.txt,rnbhiphop
1831,whatspoppin,jackharlow,2020,data/2020/rnbhiphop/Whats_Poppin---jack_harlow_.txt,rnbhiphop
1832,slide,h.e.r.,2020,data/2020/rnbhiphop/Slide---h.e.r._.txt,rnbhiphop
1833,heartless,theweeknd,2020,data/2020/rnbhiphop/Heartless---the_weeknd.txt,rnbhiphop
1834,blindinglights,theweeknd,2020,data/2020/rnbhiphop/Blinding_Lights---the_weeknd.txt,rnbhiphop
1061,whateveryoulike,t.i.,2009,data/2009/rap/Whatever_You_Like---t.i..txt,rap
1062,bestieverhad,drake,2009,data/2009/rap/Best_I_Ever_Had---drake.txt,rap
1063,throwitinthebag,fabolous,2009,data/2009/rap/Throw_It_In_The_Bag---fabolous_.txt,rap
1064,iknowyouwantme(calleocho),pitbull,2009,data/2009/rap/I_Know_You_Want_Me_(Calle_Ocho)---pitbull.txt,rap
1065,everygirl,youngmoney,2009,data/2009/rap/Every_Girl---young_money.txt,rap
1066,liveyourlife,t.i.,2009,data/2009/rap/Live_Your_Life---t.i._.txt,rap
1067,hotelroomservice,pitbull,2009,data/2009/rap/Hotel_Room_Service---pitbull.txt,rap
1068,fireburning,seankingston,2009,data/2009/rap/Fire_Burning---sean_kingston.txt,rap
1069,deadandgone,t.i.,2009,data/2009/rap/Dead_And_Gone---t.i._.txt,rap
1070,lovelockdown,kanyewest,2009,data/2009/rap/Love_Lockdown---kanye_west.txt,rap
1071,ilovecollege,asherroth,2009,data/2009/rap/I_Love_College---asher_roth.txt,rap
1072,rightround,florida,2009,data/2009/rap/Right_Round---flo_rida.txt,rap
1073,heartless,kanyewest,2009,data/2009/rap/Heartless---kanye_west.txt,rap
1074,daynnite,kidcudi,2009,data/2009/rap/Day_N_Nite---kid_cudi.txt,rap
1075,sugar,florida,2009,data/2009/rap/Sugar---flo_rida_.txt,rap
1076,forever,drake,2009,data/2009/rap/Forever---drake_.txt,rap
1132,rightaboveit,lilwayne,2010,data/2010/rap/Right_Above_It---lil_wayne_.txt,rap
1133,clubcanthandleme,florida,2010,data/2010/rap/Club_Cant_Handle_Me---flo_rida_.txt,rap
1134,over,drake,2010,data/2010/rap/Over---drake.txt,rap
1135,bedrock,youngmoney,2010,data/2010/rap/BedRock---young_money_.txt,rap
1136,howlow,ludacris,2010,data/2010/rap/How_Low---ludacris.txt,rap
1137,notafraid,eminem,2010,data/2010/rap/Not_Afraid---eminem.txt,rap
1138,yourlove,nickiminaj,2010,data/2010/rap/Your_Love---nicki_minaj.txt,rap
1139,findyourlove,drake,2010,data/2010/rap/Find_Your_Love---drake.txt,rap
1140,lovethewayyoulie,eminem,2010,data/2010/rap/Love_The_Way_You_Lie---eminem_.txt,rap
1141,teachmehowtodougie,caliswagdistrict,2010,data/2010/rap/Teach_Me_How_To_Dougie---cali_swag_district.txt,rap
1142,eeniemeenie,seankingston,2010,data/2010/rap/Eenie_Meenie---sean_kingston_.txt,rap
1143,mychickbad,ludacris,2010,data/2010/rap/My_Chick_Bad---ludacris_.txt,rap
1144,allidoiswin,djkhaled,2010,data/2010/rap/All_I_Do_Is_Win---dj_khaled_.txt,rap
1204,heybaby(dropittothefloor),pitbull,2011,data/2011/rap/Hey_Baby_(Drop_It_To_The_Floor)---pitbull_.txt,rap
1205,shewill,lilwayne,2011,data/2011/rap/She_Will---lil_wayne_.txt,rap
1206,moment4life,nickiminaj,2011,data/2011/rap/Moment_4_Life---nicki_minaj_.txt,rap
1207,mylast,bigsean,2011,data/2011/rap/My_Last---big_sean_.txt,rap
1208,superbass,nickiminaj,2011,data/2011/rap/Super_Bass---nicki_minaj.txt,rap
1209,sexyandiknowit,lmfao,2011,data/2011/rap/Sexy_And_I_Know_It---lmfao.txt,rap
1210,rollup,wizkhalifa,2011,data/2011/rap/Roll_Up---wiz_khalifa.txt,rap
1211,ineedadoctor,dr.dre,2011,data/2011/rap/I_Need_A_Doctor---dr._dre_.txt,rap
1212,headlines,drake,2011,data/2011/rap/Headlines---drake.txt,rap
1213,partyrockanthem,lmfao,2011,data/2011/rap/Party_Rock_Anthem---lmfao_.txt,rap
1214,theshowgoeson,lupefiasco,2011,data/2011/rap/The_Show_Goes_On---lupe_fiasco.txt,rap
1215,givemeeverything,pitbull,2011,data/2011/rap/Give_Me_Everything---pitbull_.txt,rap
1216,6foot7foot,lilwayne,2011,data/2011/rap/6_Foot_7_Foot---lil_wayne_.txt,rap
1217,howtolove,lilwayne,2011,data/2011/rap/How_To_Love---lil_wayne.txt,rap
1218,imonone,djkhaled,2011,data/2011/rap/Im_On_One---dj_khaled_.txt,rap
1219,lighters,badmeetsevil,2011,data/2011/rap/Lighters---bad_meets_evil_.txt,rap
1220,allofthelights,kanyewest,2011,data/2011/rap/All_Of_The_Lights---kanye_west.txt,rap
1284,wantuback,cherlloyd,2012,data/2012/rap/Want_U_Back---cher_lloyd.txt,rap
1285,takecare,drake,2012,data/2012/rap/Take_Care---drake_.txt,rap
1286,whistle,florida,2012,data/2012/rap/Whistle---flo_rida.txt,rap
1287,themotto,drake,2012,data/2012/rap/The_Motto---drake_.txt,rap
1288,backintime,pitbull,2012,data/2012/rap/Back_In_Time---pitbull.txt,rap
1289,wildones,florida,2012,data/2012/rap/Wild_Ones---flo_rida_.txt,rap
1290,workout,j.cole,2012,data/2012/rap/Work_Out---j._cole.txt,rap
1291,nolie,2chainz,2012,data/2012/rap/No_Lie---2_chainz_.txt,rap
1292,goodfeeling,florida,2012,data/2012/rap/Good_Feeling---flo_rida.txt,rap
1293,poundthealarm,nickiminaj,2012,data/2012/rap/Pound_The_Alarm---nicki_minaj.txt,rap
1294,rackcity,tyga,2012,data/2012/rap/Rack_City---tyga.txt,rap
1295,workhardplayhard,wizkhalifa,2012,"data/2012/rap/Work_Hard,_Play_Hard---wiz_khalifa.txt",rap
1296,starships,nickiminaj,2012,data/2012/rap/Starships---nicki_minaj.txt,rap
1297,dance(ass),bigsean,2012,data/2012/rap/Dance_(Ass)---big_sean_.txt,rap
1298,internationallove,pitbull,2012,data/2012/rap/International_Love---pitbull_.txt,rap
1356,berzerk,eminem,2013,data/2013/rap/Berzerk---eminem.txt,rap
1357,holdonweregoinghome,drake,2013,"data/2013/rap/Hold_On,_Were_Going_Home---drake_.txt",rap
1358,feelthismoment,pitbull,2013,data/2013/rap/Feel_This_Moment---pitbull_.txt,rap
1359,samelove,macklemore&ryanlewis,2013,data/2013/rap/Same_Love---macklemore_&_ryan_lewis_.txt,rap
1360,swimmingpools(drank),kendricklamar,2013,data/2013/rap/Swimming_Pools_(Drank)---kendrick_lamar.txt,rap
1361,cantholdus,macklemore&ryanlewis,2013,data/2013/rap/Cant_Hold_Us---macklemore_&_ryan_lewis_.txt,rap
1362,powertrip,j.cole,2013,data/2013/rap/Power_Trip---j._cole_.txt,rap
1363,fuckinproblems,asaprocky,2013,data/2013/rap/Fuckin_Problems---asap_rocky_.txt,rap
1364,gangnamstyle,psy,2013,data/2013/rap/Gangnam_Style---psy.txt,rap
1365,icry,florida,2013,data/2013/rap/I_Cry---flo_rida.txt,rap
1366,loveme,lilwayne,2013,data/2013/rap/Love_Me---lil_wayne_.txt,rap
1367,thriftshop,macklemore&ryanlewis,2013,data/2013/rap/Thrift_Shop---macklemore_&_ryan_lewis_.txt,rap
1368,imdifferent,2chainz,2013,data/2013/rap/Im_Different---2_chainz.txt,rap
1421,believeme,lilwayne,2014,data/2014/rap/Believe_Me---lil_wayne_.txt,rap
1422,nomediocre,t.i.,2014,data/2014/rap/No_Mediocre---t.i._.txt,rap
1423,studio,schoolboyq,2014,data/2014/rap/Studio---schoolboy_q_.txt,rap
1424,anaconda,nickiminaj,2014,data/2014/rap/Anaconda---nicki_minaj.txt,rap
1425,blackwidow,iggyazalea,2014,data/2014/rap/Black_Widow---iggy_azalea_.txt,rap
1426,shower,beckyg,2014,data/2014/rap/Shower---becky_g.txt,rap
1427,whitewalls,macklemore&ryanlewis,2014,data/2014/rap/White_Walls---macklemore_&_ryan_lewis_.txt,rap
1428,themonster,eminem,2014,data/2014/rap/The_Monster---eminem_.txt,rap
1429,fancy,iggyazalea,2014,data/2014/rap/Fancy---iggy_azalea_.txt,rap
1430,myhitta,yg,2014,data/2014/rap/My_Hitta---yg_.txt,rap
1431,timber,pitbull,2014,data/2014/rap/Timber---pitbull_.txt,rap
1432,hotboy,bobbyshmurda,2014,data/2014/rap/Hot_Boy---bobby_shmurda.txt,rap
1433,showme,kidink,2014,data/2014/rap/Show_Me---kid_ink_.txt,rap
1492,hotlinebling,drake,2015,data/2015/rap/Hotline_Bling---drake.txt,rap
1493,g.d.f.r.,florida,2015,data/2015/rap/G.D.F.R.---flo_rida_.txt,rap
1494,seeyouagain,wizkhalifa,2015,data/2015/rap/See_You_Again---wiz_khalifa_.txt,rap
1495,trapqueen,fettywap,2015,data/2015/rap/Trap_Queen---fetty_wap.txt,rap
1496,679,fettywap,2015,data/2015/rap/679---fetty_wap_.txt,rap
1497,only,nickiminaj,2015,data/2015/rap/Only---nicki_minaj_.txt,rap
1498,timeofourlives,pitbull,2015,data/2015/rap/Time_Of_Our_Lives---pitbull_.txt,rap
1499,watchme,silento,2015,data/2015/rap/Watch_Me---silento.txt,rap
1500,idontfuckwithyou,bigsean,2015,data/2015/rap/I_Dont_Fuck_With_You---big_sean_.txt,rap
1501,myway,fettywap,2015,data/2015/rap/My_Way---fetty_wap_.txt,rap
1502,downtown,macklemore&ryanlewis,2015,data/2015/rap/Downtown---macklemore_&_ryan_lewis_.txt,rap
1503,trufflebutter,nickiminaj,2015,data/2015/rap/Truffle_Butter---nicki_minaj_.txt,rap
1504,blessings,bigsean,2015,data/2015/rap/Blessings---big_sean_.txt,rap
1505,waves,mr.probz,2015,data/2015/rap/Waves---mr._probz.txt,rap
1506,alleyesonyou,meekmill,2015,data/2015/rap/All_Eyes_On_You---meek_mill_.txt,rap
1507,notype,raesremmurd,2015,data/2015/rap/No_Type---rae_sremmurd.txt,rap
1508,backtoback,drake,2015,data/2015/rap/Back_To_Back---drake.txt,rap
1561,jumpman,drake,2016,data/2016/rap/Jumpman---drake_.txt,rap
1562,dontmind,kentjones,2016,data/2016/rap/Dont_Mind---kent_jones.txt,rap
1563,antidote,travisscott,2016,data/2016/rap/Antidote---travis_scott.txt,rap
1564,reallyreally,kevingates,2016,data/2016/rap/Really_Really---kevin_gates.txt,rap
1565,myhouse,florida,2016,data/2016/rap/My_House---flo_rida.txt,rap
1566,tiimmyturner,desiigner,2016,data/2016/rap/Tiimmy_Turner---desiigner.txt,rap
1567,controlla,drake,2016,data/2016/rap/Controlla---drake.txt,rap
1568,toogood,drake,2016,data/2016/rap/Too_Good---drake_.txt,rap
1569,onedance,drake,2016,data/2016/rap/One_Dance---drake_.txt,rap
1570,whiteiverson,postmalone,2016,data/2016/rap/White_Iverson---post_malone.txt,rap
1571,2phones,kevingates,2016,data/2016/rap/2_Phones---kevin_gates.txt,rap
1572,lowlife,future,2016,data/2016/rap/Low_Life---future_.txt,rap
1573,popstyle,drake,2016,data/2016/rap/Pop_Style---drake_.txt,rap
1574,wicked,future,2016,data/2016/rap/Wicked---future.txt,rap
1575,memyselfandi,g-eazy,2016,data/2016/rap/Me_Myself_and_I---g-eazy_.txt,rap
1576,forfree,djkhaled,2016,data/2016/rap/For_Free---dj_khaled_.txt,rap
1631,t-shirt,migos,2017,data/2017/rap/T-Shirt---migos.txt,rap
1632,maskoff,future,2017,data/2017/rap/Mask_Off---future.txt,rap
1633,dna.,kendricklamar,2017,data/2017/rap/DNA.---kendrick_lamar.txt,rap
1634,humble.,kendricklamar,2017,data/2017/rap/Humble.---kendrick_lamar.txt,rap
1635,drowning,aboogiewitdahoodie,2017,data/2017/rap/Drowning---a_boogie_wit_da_hoodie_.txt,rap
1636,wildthoughts,djkhaled,2017,data/2017/rap/Wild_Thoughts---dj_khaled_.txt,rap
1637,loyalty.,kendricklamar,2017,data/2017/rap/Loyalty.---kendrick_lamar_.txt,rap
1638,blackbeatles,raesremmurd,2017,data/2017/rap/Black_Beatles---rae_sremmurd_.txt,rap
1639,igetthebag,guccimane,2017,data/2017/rap/I_Get_The_Bag---gucci_mane_.txt,rap
1640,both,guccimane,2017,data/2017/rap/Both---gucci_mane_.txt,rap
1641,redbone,childishgambino,2017,data/2017/rap/Redbone---childish_gambino.txt,rap
1642,fakelove,drake,2017,data/2017/rap/Fake_Love---drake.txt,rap
1643,bodakyellow(moneymoves),cardib,2017,data/2017/rap/Bodak_Yellow_(Money_Moves)_---cardi_b.txt,rap
1644,swang,raesremmurd,2017,data/2017/rap/Swang---rae_sremmurd.txt,rap
1645,badandboujee,migos,2017,data/2017/rap/Bad_And_Boujee---migos_.txt,rap
1646,tunnelvision,kodakblack,2017,data/2017/rap/Tunnel_Vision---kodak_black.txt,rap
1647,slippery,migos,2017,data/2017/rap/Slippery---migos_.txt,rap
1648,bounceback,bigsean,2017,data/2017/rap/Bounce_Back---big_sean.txt,rap
1649,1-800-273-8255,logic,2017,data/2017/rap/1-800-273-8255---logic_.txt,rap
1650,lookatme!,,2017,data/2017/rap/Look_At_Me!---.txt,rap
1651,rockstar,postmalone,2017,data/2017/rap/Rockstar---post_malone_.txt,rap
1652,passionfruit,drake,2017,data/2017/rap/Passionfruit---drake.txt,rap
1653,imtheone,djkhaled,2017,data/2017/rap/Im_The_One---dj_khaled_.txt,rap
1654,goosebumps,travisscott,2017,data/2017/rap/Goosebumps---travis_scott.txt,rap
1655,congratulations,postmalone,2017,data/2017/rap/Congratulations---post_malone_.txt,rap
1656,xotourllif3,liluzivert,2017,data/2017/rap/XO_TOUR_Llif3---lil_uzi_vert.txt,rap
1657,caroline,amine,2017,data/2017/rap/Caroline---amine.txt,rap
1698,stirfry,migos,2018,data/2018/rap/Stir_Fry---migos.txt,rap
1699,love.,kendricklamar,2018,data/2018/rap/Love.---kendrick_lamar_.txt,rap
1700,nobrainer,djkhaled,2018,data/2018/rap/No_Brainer---dj_khaled_.txt,rap
1701,thisisamerica,childishgambino,2018,data/2018/rap/This_Is_America---childish_gambino.txt,rap
1702,becareful,cardib,2018,data/2018/rap/Be_Careful---cardi_b.txt,rap
1703,taste,tyga,2018,data/2018/rap/Taste---tyga_.txt,rap
1704,sickomode,travisscott,2018,data/2018/rap/Sicko_Mode---travis_scott.txt,rap
1705,bigbank,yg,2018,data/2018/rap/Big_Bank---yg_.txt,rap
1706,nonstop,drake,2018,data/2018/rap/Nonstop---drake.txt,rap
1707,outsidetoday,youngboyneverbrokeagain,2018,data/2018/rap/Outside_Today---youngboy_never_broke_again.txt,rap
1708,fefe,6ix9ine,2018,data/2018/rap/FEFE---6ix9ine_.txt,rap
1709,bartiercardi,cardib,2018,data/2018/rap/Bartier_Cardi---cardi_b_.txt,rap
1710,moonlight,,2018,data/2018/rap/Moonlight---.txt,rap
1711,walkittalkit,migos,2018,data/2018/rap/Walk_It_Talk_It---migos_.txt,rap
1712,yesindeed,lilbaby,2018,data/2018/rap/Yes_Indeed---lil_baby_.txt,rap
1713,powerglide,raesremmurd,2018,data/2018/rap/Powerglide---rae_sremmurd_.txt,rap
1714,himandi,g-eazy,2018,data/2018/rap/Him_and_I---g-eazy_.txt,rap
1715,imupset,drake,2018,data/2018/rap/Im_Upset---drake.txt,rap
1716,bodakyellow(moneymoves),cardib,2018,data/2018/rap/Bodak_Yellow_(Money_Moves)---cardi_b.txt,rap
1717,nolimit,g-eazy,2018,data/2018/rap/No_Limit---g-eazy_.txt,rap
1718,psycho,postmalone,2018,data/2018/rap/Psycho---post_malone_.txt,rap
1719,betternow,postmalone,2018,data/2018/rap/Better_Now---post_malone.txt,rap
1720,sad,xxxtentacion,2018,data/2018/rap/Sad---xxxtentacion.txt,rap
1721,gummo,6i,2018,data/2018/rap/Gummo---6i.txt,rap
1722,allthestars,kendricklamar,2018,data/2018/rap/All_The_Stars---kendrick_lamar_.txt,rap
1723,luciddreams,juicewrld,2018,data/2018/rap/Lucid_Dreams---juice_wrld.txt,rap
1724,changes,xxxtentacion,2018,data/2018/rap/Changes---xxxtentacion.txt,rap
1725,niceforwhat,drake,2018,data/2018/rap/Nice_For_What---drake.txt,rap
1726,guccigang,lilpump,2018,data/2018/rap/Gucci_Gang---lil_pump.txt,rap
1727,inmyfeelings,drake,2018,data/2018/rap/In_My_Feelings_---drake.txt,rap
1780,panini,lilnas,2019,data/2019/rap/Panini---lil_nas_.txt,rap
1781,worthit,ykosiris,2019,data/2019/rap/Worth_It---yk_osiris.txt,rap
1782,baby,lilbaby,2019,data/2019/rap/Baby---lil_baby_.txt,rap
1783,wow.,postmalone,2019,data/2019/rap/Wow.---post_malone.txt,rap
1784,truthhurts,lizzo,2019,data/2019/rap/Truth_Hurts---lizzo.txt,rap
1785,middlechild,j.cole,2019,data/2019/rap/Middle_Child---j._cole.txt,rap
1786,moneyinthegrave,drake,2019,data/2019/rap/Money_In_The_Grave---drake_.txt,rap
1787,goingbad,meekmill,2019,data/2019/rap/Going_Bad---meek_mill_.txt,rap
1788,swervin,aboogiewitdahoodie,2019,data/2019/rap/Swervin---a_boogie_wit_da_hoodie_.txt,rap
1789,zeze,kodakblack,2019,data/2019/rap/ZEZE---kodak_black_.txt,rap
1790,cashshit,megantheestallion,2019,data/2019/rap/Cash_Shit---megan_thee_stallion_.txt,rap
1791,oldtownroad,lilnasx,2019,data/2019/rap/Old_Town_Road---lil_nas_x_.txt,rap
1792,goodbyes,postmalone,2019,data/2019/rap/Goodbyes---post_malone_.txt,rap
1793,suge,dababy,2019,data/2019/rap/Suge---dababy.txt,rap
1794,leavemealone,flippdinero,2019,data/2019/rap/Leave_Me_Alone---flipp_dinero.txt,rap
1795,robbery,juicewrld,2019,data/2019/rap/Robbery---juice_wrld.txt,rap
1796,lookbackatit,aboogiewitdahoodie,2019,data/2019/rap/Look_Back_At_It---a_boogie_wit_da_hoodie.txt,rap
1797,sunflower,postmalone,2019,data/2019/rap/Sunflower_---post_malone_.txt,rap
1798,circles,postmalone,2019,data/2019/rap/Circles---post_malone.txt,rap
1799,wakeupinthesky,guccimane,2019,data/2019/rap/Wake_Up_In_The_Sky---gucci_mane_.txt,rap
1800,closefriends,lilbaby,2019,data/2019/rap/Close_Friends---lil_baby.txt,rap
1801,money,cardib,2019,data/2019/rap/Money---cardi_b.txt,rap
1802,pleaseme,cardib,2019,data/2019/rap/Please_Me---cardi_b_.txt,rap
1803,mytype,saweetie,2019,data/2019/rap/My_Type---saweetie.txt,rap
1804,driptoohard,lilbaby,2019,data/2019/rap/Drip_Too_Hard---lil_baby_.txt,rap
1853,dior,popsmoke,2020,data/2020/rap/Dior---pop_smoke.txt,rap
1854,popstar,djkhaled,2020,data/2020/rap/Popstar---dj_khaled_.txt,rap
1855,forthenight,popsmoke,2020,data/2020/rap/For_The_Night---pop_smoke_.txt,rap
1856,rags2riches,rodwave,2020,data/2020/rap/Rags2Riches---rod_wave_.txt,rap
1857,bop,dababy,2020,data/2020/rap/BOP---dababy.txt,rap
1858,godzilla,eminem,2020,data/2020/rap/Godzilla---eminem_.txt,rap
1859,bandit,juicewrld,2020,data/2020/rap/Bandit---juice_wrld_.txt,rap
1860,wepaid,lilbaby,2020,data/2020/rap/We_Paid---lil_baby_.txt,rap
1861,moodswings,popsmoke,2020,data/2020/rap/Mood_Swings---pop_smoke_.txt,rap
1862,heartonice,rodwave,2020,data/2020/rap/Heart_On_Ice---rod_wave.txt,rap
1863,toosieslide,drake,2020,data/2020/rap/Toosie_Slide---drake.txt,rap
1864,hot,youngthug,2020,data/2020/rap/Hot---young_thug_.txt,rap
1865,thebiggerpicture,lilbaby,2020,data/2020/rap/The_Bigger_Picture---lil_baby.txt,rap
1866,thebox,roddyricch,2020,data/2020/rap/The_Box---roddy_ricch.txt,rap
1867,lifeisgood,future,2020,data/2020/rap/Life_Is_Good---future_.txt,rap
1868,highestintheroom,travisscott,2020,data/2020/rap/HIGHEST_IN_THE_ROOM---travis_scott.txt,rap
1869,wishingwell,juicewrld,2020,data/2020/rap/Wishing_Well---juice_wrld.txt,rap
1870,woah,lilbaby,2020,data/2020/rap/Woah---lil_baby.txt,rap
1871,laughnowcrylater,drake,2020,data/2020/rap/Laugh_Now_Cry_Later---drake_.txt,rap
1872,come&go,juicewrld,2020,data/2020/rap/Come_&_Go---juice_wrld_.txt,rap
1873,highfashion,roddyricch,2020,data/2020/rap/High_Fashion---_roddy_ricch_.txt,rap
1874,emotionallyscarred,lilbaby,2020,data/2020/rap/Emotionally_Scarred---lil_baby.txt,rap
1875,sum2prove,lilbaby,2020,data/2020/rap/Sum_2_Prove---lil_baby.txt,rap
1876,wap,cardib,2020,data/2020/rap/WAP---cardi_b_.txt,rap
1877,goodashell,lizzo,2020,data/2020/rap/Good_As_Hell---lizzo.txt,rap
1878,roxanne,arizonazervas,2020,data/2020/rap/Roxanne---arizona_zervas.txt,rap
1879,thewoo,popsmoke,2020,data/2020/rap/The_Woo---pop_smoke_.txt,rap
1880,rockstar,dababy,2020,data/2020/rap/Rockstar---dababy_.txt,rap
1881,savage,megantheestallion,2020,data/2020/rap/Savage---megan_thee_stallion.txt,rap
